"snapshot_date","team","name","position_group","position_name","is_rookie","is_foreign","note","source_sheet","source_cell","source"
"2025-02-10","KIA 타이거즈","김태군","C","포수","0","0","","1","H9","https://www.koreabaseball.com/MediaNews/Notice/View.aspx?bdSe=11371"
"2025-02-10","KIA 타이거즈","이상준","C","포수","0","0","","1","H10","https://www.koreabaseball.com/MediaNews/Notice/View.aspx?bdSe=11371"
"2025-02-10","KIA 타이거즈","주효상","C","포수","0","0","","1","H11","https://www.koreabaseball.com/MediaNews/Notice/View.aspx?bdSe=11371"
"2025-02-10","KIA 타이거즈","한승택","C","포수","0","0","","1","H12","https://www.koreabaseball.com/MediaNews/Notice/View.aspx?bdSe=11371"
"2025-02-10","KIA 타이거즈","한준수","C","포수","0","0","","1","H13","https://www.koreabaseball.com/MediaNews/Notice/View.aspx?bdSe=11371"
"2025-02-10","KIA 타이거즈","김규성","IF","내야수","0","0","","1","H14","https://www.koreabaseball.com/MediaNews/Notice/View.aspx?bdSe=11371"
"2025-02-10","KIA 타이거즈","김도영","IF","내야수","0","0","","1","H15","https://www.koreabaseball.com/MediaNews/Notice/View.aspx?bdSe=11371"
"2025-02-10","KIA 타이거즈","김두현","IF","내야수","0","0","","1","H16","https://www.koreabaseball.com/MediaNews/Notice/View.aspx?bdSe=11371"
"2025-02-10","KIA 타이거즈","김선빈","IF","내야수","0","0","","1","H17","https://www.koreabaseball.com/MediaNews/Notice/View.aspx?bdSe=11371"
"2025-02-10","KIA 타이거즈","박민","IF","내야수","0","0","","1","H18","https://www.koreabaseball.com/MediaNews/Notice/View.aspx?bdSe=11371"
"2025-02-10","KIA 타이거즈","박찬호","IF","내야수","0","0","","1","H19","https://www.koreabaseball.com/MediaNews/Notice/View.aspx?bdSe=11371"
"2025-02-10","KIA 타이거즈","변우혁","IF","내야수","0","0","","1","H20","https://www.koreabaseball.com/MediaNews/Notice/View.aspx?bdSe=11371"
"2025-02-10","KIA 타이거즈","서건창","IF","내야수","0","0","","1","H21","https://www.koreabaseball.com/MediaNews/Notice/View.aspx?bdSe=11371"
"2025-02-10","KIA 타이거즈","오선우","IF","내야수","0","0","","1","H22","https://www.koreabaseball.com/MediaNews/Notice/View.aspx?bdSe=11371"
"2025-02-10","KIA 타이거즈","위즈덤","IF","내야수","0","1","외국인","1","H27","https://www.koreabaseball.com/MediaNews/Notice/View.aspx?bdSe=11371"
"2025-02-10","KIA 타이거즈","윤도현","IF","내야수","0","0","","1","H23","https://www.koreabaseball.com/MediaNews/Notice/View.aspx?bdSe=11371"
"2025-02-10","KIA 타이거즈","최정용","IF","내야수","0","0","","1","H24","https://www.koreabaseball.com/MediaNews/Notice/View.aspx?bdSe=11371"
"2025-02-10","KIA 타이거즈","홍종표","IF","내야수","0","0","","1","H25","https://www.koreabaseball.com/MediaNews/Notice/View.aspx?bdSe=11371"
"2025-02-10","KIA 타이거즈","황대인","IF","내야수","0","0","","1","H26","https://www.koreabaseball.com/MediaNews/Notice/View.aspx?bdSe=11371"
"2025-02-10","KIA 타이거즈","고종욱","OF","외야수","0","0","","1","H28","https://www.koreabaseball.com/MediaNews/Notice/View.aspx?bdSe=11371"
"2025-02-10","KIA 타이거즈","김석환","OF","외야수","0","0","","1","H29","https://www.koreabaseball.com/MediaNews/Notice/View.aspx?bdSe=11371"
"2025-02-10","KIA 타이거즈","김호령","OF","외야수","0","0","","1","H30","https://www.koreabaseball.com/MediaNews/Notice/View.aspx?bdSe=11371"
"2025-02-10","KIA 타이거즈","나성범","OF","외야수","0","0","","1","H31","https://www.koreabaseball.com/MediaNews/Notice/View.aspx?bdSe=11371"
"2025-02-10","KIA 타이거즈","박재현","OF","외야수","1","0","신인","1","H32","https://www.koreabaseball.com/MediaNews/Notice/View.aspx?bdSe=11371"
"2025-02-10","KIA 타이거즈","박정우","OF","외야수","0","0","","1","H33","https://www.koreabaseball.com/MediaNews/Notice/View.aspx?bdSe=11371"
"2025-02-10","KIA 타이거즈","이우성","OF","외야수","0","0","","1","H34","https://www.koreabaseball.com/MediaNews/Notice/View.aspx?bdSe=11371"
"2025-02-10","KIA 타이거즈","이창진","OF","외야수","0","0","","1","H35","https://www.koreabaseball.com/MediaNews/Notice/View.aspx?bdSe=11371"
"2025-02-10","KIA 타이거즈","최원준","OF","외야수","0","0","","1","H36","https://www.koreabaseball.com/MediaNews/Notice/View.aspx?bdSe=11371"
"2025-02-10","KIA 타이거즈","최형우","OF","외야수","0","0","","1","H37","https://www.koreabaseball.com/MediaNews/Notice/View.aspx?bdSe=11371"
"2025-02-10","KIA 타이거즈","곽도규","P","투수","0","0","","1","E12","https://www.koreabaseball.com/MediaNews/Notice/View.aspx?bdSe=11371"
"2025-02-10","KIA 타이거즈","김건국","P","투수","0","0","","1","E13","https://www.koreabaseball.com/MediaNews/Notice/View.aspx?bdSe=11371"
"2025-02-10","KIA 타이거즈","김기훈","P","투수","0","0","","1","E14","https://www.koreabaseball.com/MediaNews/Notice/View.aspx?bdSe=11371"
"2025-02-10","KIA 타이거즈","김대유","P","투수","0","0","","1","E15","https://www.koreabaseball.com/MediaNews/Notice/View.aspx?bdSe=11371"
"2025-02-10","KIA 타이거즈","김도현","P","투수","0","0","","1","E16","https://www.koreabaseball.com/MediaNews/Notice/View.aspx?bdSe=11371"
"2025-02-10","KIA 타이거즈","김민재","P","투수","0","0","","1","E17","https://www.koreabaseball.com/MediaNews/Notice/View.aspx?bdSe=11371"
"2025-02-10","KIA 타이거즈","김민주","P","투수","0","0","","1","E18","https://www.koreabaseball.com/MediaNews/Notice/View.aspx?bdSe=11371"
"2025-02-10","KIA 타이거즈","김사윤","P","투수","0","0","","1","E19","https://www.koreabaseball.com/MediaNews/Notice/View.aspx?bdSe=11371"
"2025-02-10","KIA 타이거즈","김승현","P","투수","0","0","","1","E20","https://www.koreabaseball.com/MediaNews/Notice/View.aspx?bdSe=11371"
"2025-02-10","KIA 타이거즈","김정엽","P","투수","1","0","신인","1","E21","https://www.koreabaseball.com/MediaNews/Notice/View.aspx?bdSe=11371"
"2025-02-10","KIA 타이거즈","김태형","P","투수","1","0","신인","1","E22","https://www.koreabaseball.com/MediaNews/Notice/View.aspx?bdSe=11371"
"2025-02-10","KIA 타이거즈","김현수","P","투수","0","0","","1","E23","https://www.koreabaseball.com/MediaNews/Notice/View.aspx?bdSe=11371"
"2025-02-10","KIA 타이거즈","네일","P","투수","0","1","외국인","1","H7","https://www.koreabaseball.com/MediaNews/Notice/View.aspx?bdSe=11371"
"2025-02-10","KIA 타이거즈","박준표","P","투수","0","0","","1","E24","https://www.koreabaseball.com/MediaNews/Notice/View.aspx?bdSe=11371"
"2025-02-10","KIA 타이거즈","양수호","P","투수","1","0","신인","1","E25","https://www.koreabaseball.com/MediaNews/Notice/View.aspx?bdSe=11371"
"2025-02-10","KIA 타이거즈","양현종","P","투수","0","0","","1","E26","https://www.koreabaseball.com/MediaNews/Notice/View.aspx?bdSe=11371"
"2025-02-10","KIA 타이거즈","올러","P","투수","0","1","외국인","1","H8","https://www.koreabaseball.com/MediaNews/Notice/View.aspx?bdSe=11371"
"2025-02-10","KIA 타이거즈","유승철","P","투수","0","0","","1","E27","https://www.koreabaseball.com/MediaNews/Notice/View.aspx?bdSe=11371"
"2025-02-10","KIA 타이거즈","유지성","P","투수","0","0","","1","E28","https://www.koreabaseball.com/MediaNews/Notice/View.aspx?bdSe=11371"
"2025-02-10","KIA 타이거즈","윤영철","P","투수","0","0","","1","E29","https://www.koreabaseball.com/MediaNews/Notice/View.aspx?bdSe=11371"
"2025-02-10","KIA 타이거즈","윤중현","P","투수","0","0","","1","E30","https://www.koreabaseball.com/MediaNews/Notice/View.aspx?bdSe=11371"
"2025-02-10","KIA 타이거즈","이의리","P","투수","0","0","","1","E31","https://www.koreabaseball.com/MediaNews/Notice/View.aspx?bdSe=11371"
"2025-02-10","KIA 타이거즈","이준영","P","투수","0","0","","1","E32","https://www.koreabaseball.com/MediaNews/Notice/View.aspx?bdSe=11371"
"2025-02-10","KIA 타이거즈","이형범","P","투수","0","0","","1","E33","https://www.koreabaseball.com/MediaNews/Notice/View.aspx?bdSe=11371"
"2025-02-10","KIA 타이거즈","이호민","P","투수","1","0","신인","1","E34","https://www.koreabaseball.com/MediaNews/Notice/View.aspx?bdSe=11371"
"2025-02-10","KIA 타이거즈","임기영","P","투수","0","0","","1","E35","https://www.koreabaseball.com/MediaNews/Notice/View.aspx?bdSe=11371"
"2025-02-10","KIA 타이거즈","장재혁","P","투수","0","0","","1","E36","https://www.koreabaseball.com/MediaNews/Notice/View.aspx?bdSe=11371"
"2025-02-10","KIA 타이거즈","전상현","P","투수","0","0","","1","E37","https://www.koreabaseball.com/MediaNews/Notice/View.aspx?bdSe=11371"
"2025-02-10","KIA 타이거즈","정해영","P","투수","0","0","","1","H3","https://www.koreabaseball.com/MediaNews/Notice/View.aspx?bdSe=11371"
"2025-02-10","KIA 타이거즈","조상우","P","투수","0","0","","1","H4","https://www.koreabaseball.com/MediaNews/Notice/View.aspx?bdSe=11371"
"2025-02-10","KIA 타이거즈","최지민","P","투수","0","0","","1","H5","https://www.koreabaseball.com/MediaNews/Notice/View.aspx?bdSe=11371"
"2025-02-10","KIA 타이거즈","황동하","P","투수","0","0","","1","H6","https://www.koreabaseball.com/MediaNews/Notice/View.aspx?bdSe=11371"
"2025-02-10","KT 위즈","강백호","C","포수","0","0","","3","E26","https://www.koreabaseball.com/MediaNews/Notice/View.aspx?bdSe=11371"
"2025-02-10","KT 위즈","강현우","C","포수","0","0","","3","E27","https://www.koreabaseball.com/MediaNews/Notice/View.aspx?bdSe=11371"
"2025-02-10","KT 위즈","김민석","C","포수","0","0","","3","E28","https://www.koreabaseball.com/MediaNews/Notice/View.aspx?bdSe=11371"
"2025-02-10","KT 위즈","김준태","C","포수","0","0","","3","E29","https://www.koreabaseball.com/MediaNews/Notice/View.aspx?bdSe=11371"
"2025-02-10","KT 위즈","장성우","C","포수","0","0","","3","H3","https://www.koreabaseball.com/MediaNews/Notice/View.aspx?bdSe=11371"
"2025-02-10","KT 위즈","조대현","C","포수","0","0","","3","H4","https://www.koreabaseball.com/MediaNews/Notice/View.aspx?bdSe=11371"
"2025-02-10","KT 위즈","강민성","IF","내야수","0","0","","3","H5","https://www.koreabaseball.com/MediaNews/Notice/View.aspx?bdSe=11371"
"2025-02-10","KT 위즈","권동진","IF","내야수","0","0","","3","H6","https://www.koreabaseball.com/MediaNews/Notice/View.aspx?bdSe=11371"
"2025-02-10","KT 위즈","김상수","IF","내야수","0","0","","3","H7","https://www.koreabaseball.com/MediaNews/Notice/View.aspx?bdSe=11371"
"2025-02-10","KT 위즈","문상철","IF","내야수","0","0","","3","H8","https://www.koreabaseball.com/MediaNews/Notice/View.aspx?bdSe=11371"
"2025-02-10","KT 위즈","박민석","IF","내야수","0","0","2000. 4. 13.","3","H9","https://www.koreabaseball.com/MediaNews/Notice/View.aspx?bdSe=11371"
"2025-02-10","KT 위즈","오윤석","IF","내야수","0","0","","3","H10","https://www.koreabaseball.com/MediaNews/Notice/View.aspx?bdSe=11371"
"2025-02-10","KT 위즈","오재일","IF","내야수","0","0","","3","H11","https://www.koreabaseball.com/MediaNews/Notice/View.aspx?bdSe=11371"
"2025-02-10","KT 위즈","윤준혁","IF","내야수","0","0","","3","H12","https://www.koreabaseball.com/MediaNews/Notice/View.aspx?bdSe=11371"
"2025-02-10","KT 위즈","이호연","IF","내야수","0","0","","3","H13","https://www.koreabaseball.com/MediaNews/Notice/View.aspx?bdSe=11371"
"2025-02-10","KT 위즈","장준원","IF","내야수","0","0","","3","H14","https://www.koreabaseball.com/MediaNews/Notice/View.aspx?bdSe=11371"
"2025-02-10","KT 위즈","천성호","IF","내야수","0","0","","3","H15","https://www.koreabaseball.com/MediaNews/Notice/View.aspx?bdSe=11371"
"2025-02-10","KT 위즈","허경민","IF","내야수","0","0","","3","H16","https://www.koreabaseball.com/MediaNews/Notice/View.aspx?bdSe=11371"
"2025-02-10","KT 위즈","황재균","IF","내야수","0","0","","3","H17","https://www.koreabaseball.com/MediaNews/Notice/View.aspx?bdSe=11371"
"2025-02-10","KT 위즈","김건형","OF","외야수","0","0","","3","H18","https://www.koreabaseball.com/MediaNews/Notice/View.aspx?bdSe=11371"
"2025-02-10","KT 위즈","김민혁","OF","외야수","0","0","","3","H19","https://www.koreabaseball.com/MediaNews/Notice/View.aspx?bdSe=11371"
"2025-02-10","KT 위즈","김병준","OF","외야수","0","0","","3","H20","https://www.koreabaseball.com/MediaNews/Notice/View.aspx?bdSe=11371"
"2025-02-10","KT 위즈","로하스","OF","외야수","0","1","외국인","3","H29","https://www.koreabaseball.com/MediaNews/Notice/View.aspx?bdSe=11371"
"2025-02-10","KT 위즈","박민석","OF","외야수","1","0","신인","3","H21","https://www.koreabaseball.com/MediaNews/Notice/View.aspx?bdSe=11371"
"2025-02-10","KT 위즈","배정대","OF","외야수","0","0","","3","H22","https://www.koreabaseball.com/MediaNews/Notice/View.aspx?bdSe=11371"
"2025-02-10","KT 위즈","송민섭","OF","외야수","0","0","","3","H23","https://www.koreabaseball.com/MediaNews/Notice/View.aspx?bdSe=11371"
"2025-02-10","KT 위즈","안치영","OF","외야수","0","0","","3","H24","https://www.koreabaseball.com/MediaNews/Notice/View.aspx?bdSe=11371"
"2025-02-10","KT 위즈","안현민","OF","외야수","0","0","","3","H25","https://www.koreabaseball.com/MediaNews/Notice/View.aspx?bdSe=11371"
"2025-02-10","KT 위즈","유준규","OF","외야수","0","0","","3","H26","https://www.koreabaseball.com/MediaNews/Notice/View.aspx?bdSe=11371"
"2025-02-10","KT 위즈","장진혁","OF","외야수","0","0","","3","H27","https://www.koreabaseball.com/MediaNews/Notice/View.aspx?bdSe=11371"
"2025-02-10","KT 위즈","최성민","OF","외야수","0","0","","3","H28","https://www.koreabaseball.com/MediaNews/Notice/View.aspx?bdSe=11371"
"2025-02-10","KT 위즈","강건","P","투수","0","0","","3","B24","https://www.koreabaseball.com/MediaNews/Notice/View.aspx?bdSe=11371"
"2025-02-10","KT 위즈","고영표","P","투수","0","0","","3","B25","https://www.koreabaseball.com/MediaNews/Notice/View.aspx?bdSe=11371"
"2025-02-10","KT 위즈","김동현","P","투수","1","0","신인","3","B26","https://www.koreabaseball.com/MediaNews/Notice/View.aspx?bdSe=11371"
"2025-02-10","KT 위즈","김민수","P","투수","0","0","","3","B27","https://www.koreabaseball.com/MediaNews/Notice/View.aspx?bdSe=11371"
"2025-02-10","KT 위즈","김재원","P","투수","1","0","신인","3","B28","https://www.koreabaseball.com/MediaNews/Notice/View.aspx?bdSe=11371"
"2025-02-10","KT 위즈","김주완","P","투수","0","0","","3","B29","https://www.koreabaseball.com/MediaNews/Notice/View.aspx?bdSe=11371"
"2025-02-10","KT 위즈","문용익","P","투수","0","0","","3","E3","https://www.koreabaseball.com/MediaNews/Notice/View.aspx?bdSe=11371"
"2025-02-10","KT 위즈","박건우","P","투수","1","0","신인","3","E4","https://www.koreabaseball.com/MediaNews/Notice/View.aspx?bdSe=11371"
"2025-02-10","KT 위즈","박세진","P","투수","0","0","","3","E5","https://www.koreabaseball.com/MediaNews/Notice/View.aspx?bdSe=11371"
"2025-02-10","KT 위즈","박영현","P","투수","0","0","","3","E6","https://www.koreabaseball.com/MediaNews/Notice/View.aspx?bdSe=11371"
"2025-02-10","KT 위즈","성재헌","P","투수","0","0","","3","E7","https://www.koreabaseball.com/MediaNews/Notice/View.aspx?bdSe=11371"
"2025-02-10","KT 위즈","소형준","P","투수","0","0","","3","E8","https://www.koreabaseball.com/MediaNews/Notice/View.aspx?bdSe=11371"
"2025-02-10","KT 위즈","손동현","P","투수","0","0","","3","E9","https://www.koreabaseball.com/MediaNews/Notice/View.aspx?bdSe=11371"
"2025-02-10","KT 위즈","오원석","P","투수","0","0","","3","E10","https://www.koreabaseball.com/MediaNews/Notice/View.aspx?bdSe=11371"
"2025-02-10","KT 위즈","우규민","P","투수","0","0","","3","E11","https://www.koreabaseball.com/MediaNews/Notice/View.aspx?bdSe=11371"
"2025-02-10","KT 위즈","원상현","P","투수","0","0","","3","E12","https://www.koreabaseball.com/MediaNews/Notice/View.aspx?bdSe=11371"
"2025-02-10","KT 위즈","육청명","P","투수","0","0","","3","E13","https://www.koreabaseball.com/MediaNews/Notice/View.aspx?bdSe=11371"
"2025-02-10","KT 위즈","이상동","P","투수","0","0","","3","E14","https://www.koreabaseball.com/MediaNews/Notice/View.aspx?bdSe=11371"
"2025-02-10","KT 위즈","이선우","P","투수","0","0","","3","E15","https://www.koreabaseball.com/MediaNews/Notice/View.aspx?bdSe=11371"
"2025-02-10","KT 위즈","이채호","P","투수","0","0","","3","E16","https://www.koreabaseball.com/MediaNews/Notice/View.aspx?bdSe=11371"
"2025-02-10","KT 위즈","이태규","P","투수","0","0","","3","E17","https://www.koreabaseball.com/MediaNews/Notice/View.aspx?bdSe=11371"
"2025-02-10","KT 위즈","이현민","P","투수","0","0","","3","E18","https://www.koreabaseball.com/MediaNews/Notice/View.aspx?bdSe=11371"
"2025-02-10","KT 위즈","전용주","P","투수","0","0","","3","E19","https://www.koreabaseball.com/MediaNews/Notice/View.aspx?bdSe=11371"
"2025-02-10","KT 위즈","조이현","P","투수","0","0","","3","E20","https://www.koreabaseball.com/MediaNews/Notice/View.aspx?bdSe=11371"
"2025-02-10","KT 위즈","주권","P","투수","0","0","","3","E21","https://www.koreabaseball.com/MediaNews/Notice/View.aspx?bdSe=11371"
"2025-02-10","KT 위즈","최동환","P","투수","0","0","","3","E22","https://www.koreabaseball.com/MediaNews/Notice/View.aspx?bdSe=11371"
"2025-02-10","KT 위즈","쿠에바스","P","투수","0","1","외국인","3","E24","https://www.koreabaseball.com/MediaNews/Notice/View.aspx?bdSe=11371"
"2025-02-10","KT 위즈","한차현","P","투수","0","0","","3","E23","https://www.koreabaseball.com/MediaNews/Notice/View.aspx?bdSe=11371"
"2025-02-10","KT 위즈","헤이수스","P","투수","0","1","외국인","3","E25","https://www.koreabaseball.com/MediaNews/Notice/View.aspx?bdSe=11371"
"2025-02-10","LG 트윈스","김범석","C","포수","0","0","","2","H6","https://www.koreabaseball.com/MediaNews/Notice/View.aspx?bdSe=11371"
"2025-02-10","LG 트윈스","김성우","C","포수","0","0","","2","H7","https://www.koreabaseball.com/MediaNews/Notice/View.aspx?bdSe=11371"
"2025-02-10","LG 트윈스","박동원","C","포수","0","0","","2","H8","https://www.koreabaseball.com/MediaNews/Notice/View.aspx?bdSe=11371"
"2025-02-10","LG 트윈스","이주헌","C","포수","0","0","","2","H9","https://www.koreabaseball.com/MediaNews/Notice/View.aspx?bdSe=11371"
"2025-02-10","LG 트윈스","이한림","C","포수","1","0","신인","2","H10","https://www.koreabaseball.com/MediaNews/Notice/View.aspx?bdSe=11371"
"2025-02-10","LG 트윈스","구본혁","IF","내야수","0","0","","2","H11","https://www.koreabaseball.com/MediaNews/Notice/View.aspx?bdSe=11371"
"2025-02-10","LG 트윈스","김민수","IF","내야수","0","0","","2","H12","https://www.koreabaseball.com/MediaNews/Notice/View.aspx?bdSe=11371"
"2025-02-10","LG 트윈스","김성진","IF","내야수","0","0","","2","H13","https://www.koreabaseball.com/MediaNews/Notice/View.aspx?bdSe=11371"
"2025-02-10","LG 트윈스","김주성","IF","내야수","0","0","","2","H14","https://www.koreabaseball.com/MediaNews/Notice/View.aspx?bdSe=11371"
"2025-02-10","LG 트윈스","문보경","IF","내야수","0","0","","2","H15","https://www.koreabaseball.com/MediaNews/Notice/View.aspx?bdSe=11371"
"2025-02-10","LG 트윈스","문정빈","IF","내야수","0","0","","2","H16","https://www.koreabaseball.com/MediaNews/Notice/View.aspx?bdSe=11371"
"2025-02-10","LG 트윈스","신민재","IF","내야수","0","0","","2","H17","https://www.koreabaseball.com/MediaNews/Notice/View.aspx?bdSe=11371"
"2025-02-10","LG 트윈스","오스틴","IF","내야수","0","1","외국인","2","H21","https://www.koreabaseball.com/MediaNews/Notice/View.aspx?bdSe=11371"
"2025-02-10","LG 트윈스","오지환","IF","내야수","0","0","","2","H18","https://www.koreabaseball.com/MediaNews/Notice/View.aspx?bdSe=11371"
"2025-02-10","LG 트윈스","이영빈","IF","내야수","0","0","","2","H19","https://www.koreabaseball.com/MediaNews/Notice/View.aspx?bdSe=11371"
"2025-02-10","LG 트윈스","이태훈","IF","내야수","1","0","신인","2","H20","https://www.koreabaseball.com/MediaNews/Notice/View.aspx?bdSe=11371"
"2025-02-10","LG 트윈스","김현수","OF","외야수","0","0","","2","H22","https://www.koreabaseball.com/MediaNews/Notice/View.aspx?bdSe=11371"
"2025-02-10","LG 트윈스","김현종","OF","외야수","0","0","","2","H23","https://www.koreabaseball.com/MediaNews/Notice/View.aspx?bdSe=11371"
"2025-02-10","LG 트윈스","문성주","OF","외야수","0","0","","2","H24","https://www.koreabaseball.com/MediaNews/Notice/View.aspx?bdSe=11371"
"2025-02-10","LG 트윈스","박관우","OF","외야수","1","0","신인","2","H25","https://www.koreabaseball.com/MediaNews/Notice/View.aspx?bdSe=11371"
"2025-02-10","LG 트윈스","박해민","OF","외야수","0","0","","2","H26","https://www.koreabaseball.com/MediaNews/Notice/View.aspx?bdSe=11371"
"2025-02-10","LG 트윈스","서영준","OF","외야수","1","0","신인","2","H27","https://www.koreabaseball.com/MediaNews/Notice/View.aspx?bdSe=11371"
"2025-02-10","LG 트윈스","송찬의","OF","외야수","0","0","","2","H28","https://www.koreabaseball.com/MediaNews/Notice/View.aspx?bdSe=11371"
"2025-02-10","LG 트윈스","안익훈","OF","외야수","0","0","","2","H29","https://www.koreabaseball.com/MediaNews/Notice/View.aspx?bdSe=11371"
"2025-02-10","LG 트윈스","최승민","OF","외야수","0","0","","2","H30","https://www.koreabaseball.com/MediaNews/Notice/View.aspx?bdSe=11371"
"2025-02-10","LG 트윈스","최원영","OF","외야수","0","0","","2","H31","https://www.koreabaseball.com/MediaNews/Notice/View.aspx?bdSe=11371"
"2025-02-10","LG 트윈스","함창건","OF","외야수","0","0","","2","H32","https://www.koreabaseball.com/MediaNews/Notice/View.aspx?bdSe=11371"
"2025-02-10","LG 트윈스","홍창기","OF","외야수","0","0","","2","H33","https://www.koreabaseball.com/MediaNews/Notice/View.aspx?bdSe=11371"
"2025-02-10","LG 트윈스","김강률","P","투수","0","0","","2","E5","https://www.koreabaseball.com/MediaNews/Notice/View.aspx?bdSe=11371"
"2025-02-10","LG 트윈스","김대현","P","투수","0","0","","2","E6","https://www.koreabaseball.com/MediaNews/Notice/View.aspx?bdSe=11371"
"2025-02-10","LG 트윈스","김영우","P","투수","1","0","신인","2","E7","https://www.koreabaseball.com/MediaNews/Notice/View.aspx?bdSe=11371"
"2025-02-10","LG 트윈스","김영준","P","투수","0","0","","2","E8","https://www.koreabaseball.com/MediaNews/Notice/View.aspx?bdSe=11371"
"2025-02-10","LG 트윈스","김유영","P","투수","0","0","","2","E9","https://www.koreabaseball.com/MediaNews/Notice/View.aspx?bdSe=11371"
"2025-02-10","LG 트윈스","김주온","P","투수","0","0","","2","E10","https://www.koreabaseball.com/MediaNews/Notice/View.aspx?bdSe=11371"
"2025-02-10","LG 트윈스","김진성","P","투수","0","0","","2","E11","https://www.koreabaseball.com/MediaNews/Notice/View.aspx?bdSe=11371"
"2025-02-10","LG 트윈스","김진수","P","투수","0","0","","2","E12","https://www.koreabaseball.com/MediaNews/Notice/View.aspx?bdSe=11371"
"2025-02-10","LG 트윈스","박명근","P","투수","0","0","","2","E13","https://www.koreabaseball.com/MediaNews/Notice/View.aspx?bdSe=11371"
"2025-02-10","LG 트윈스","배재준","P","투수","0","0","","2","E14","https://www.koreabaseball.com/MediaNews/Notice/View.aspx?bdSe=11371"
"2025-02-10","LG 트윈스","백승현","P","투수","0","0","","2","E15","https://www.koreabaseball.com/MediaNews/Notice/View.aspx?bdSe=11371"
"2025-02-10","LG 트윈스","성동현","P","투수","0","0","","2","E16","https://www.koreabaseball.com/MediaNews/Notice/View.aspx?bdSe=11371"
"2025-02-10","LG 트윈스","손주영","P","투수","0","0","","2","E17","https://www.koreabaseball.com/MediaNews/Notice/View.aspx?bdSe=11371"
"2025-02-10","LG 트윈스","송승기","P","투수","0","0","","2","E18","https://www.koreabaseball.com/MediaNews/Notice/View.aspx?bdSe=11371"
"2025-02-10","LG 트윈스","심창민","P","투수","0","0","","2","E19","https://www.koreabaseball.com/MediaNews/Notice/View.aspx?bdSe=11371"
"2025-02-10","LG 트윈스","에르난데스","P","투수","0","1","외국인","2","H4","https://www.koreabaseball.com/MediaNews/Notice/View.aspx?bdSe=11371"
"2025-02-10","LG 트윈스","우강훈","P","투수","0","0","","2","E20","https://www.koreabaseball.com/MediaNews/Notice/View.aspx?bdSe=11371"
"2025-02-10","LG 트윈스","유영찬","P","투수","0","0","","2","E21","https://www.koreabaseball.com/MediaNews/Notice/View.aspx?bdSe=11371"
"2025-02-10","LG 트윈스","이우찬","P","투수","0","0","","2","E22","https://www.koreabaseball.com/MediaNews/Notice/View.aspx?bdSe=11371"
"2025-02-10","LG 트윈스","이종준","P","투수","0","0","","2","E23","https://www.koreabaseball.com/MediaNews/Notice/View.aspx?bdSe=11371"
"2025-02-10","LG 트윈스","이지강","P","투수","0","0","","2","E24","https://www.koreabaseball.com/MediaNews/Notice/View.aspx?bdSe=11371"
"2025-02-10","LG 트윈스","임준형","P","투수","0","0","","2","E25","https://www.koreabaseball.com/MediaNews/Notice/View.aspx?bdSe=11371"
"2025-02-10","LG 트윈스","임찬규","P","투수","0","0","","2","E26","https://www.koreabaseball.com/MediaNews/Notice/View.aspx?bdSe=11371"
"2025-02-10","LG 트윈스","장현식","P","투수","0","0","","2","E27","https://www.koreabaseball.com/MediaNews/Notice/View.aspx?bdSe=11371"
"2025-02-10","LG 트윈스","정우영","P","투수","0","0","","2","E28","https://www.koreabaseball.com/MediaNews/Notice/View.aspx?bdSe=11371"
"2025-02-10","LG 트윈스","정지헌","P","투수","0","0","","2","E29","https://www.koreabaseball.com/MediaNews/Notice/View.aspx?bdSe=11371"
"2025-02-10","LG 트윈스","진우영","P","투수","0","0","","2","E30","https://www.koreabaseball.com/MediaNews/Notice/View.aspx?bdSe=11371"
"2025-02-10","LG 트윈스","최채흥","P","투수","0","0","","2","E31","https://www.koreabaseball.com/MediaNews/Notice/View.aspx?bdSe=11371"
"2025-02-10","LG 트윈스","추세현","P","투수","1","0","신인","2","E32","https://www.koreabaseball.com/MediaNews/Notice/View.aspx?bdSe=11371"
"2025-02-10","LG 트윈스","치리노스","P","투수","0","1","외국인","2","H5","https://www.koreabaseball.com/MediaNews/Notice/View.aspx?bdSe=11371"
"2025-02-10","LG 트윈스","함덕주","P","투수","0","0","","2","E33","https://www.koreabaseball.com/MediaNews/Notice/View.aspx?bdSe=11371"
"2025-02-10","LG 트윈스","허용주","P","투수","0","0","","2","E34","https://www.koreabaseball.com/MediaNews/Notice/View.aspx?bdSe=11371"
"2025-02-10","LG 트윈스","허준혁","P","투수","0","0","","2","H3","https://www.koreabaseball.com/MediaNews/Notice/View.aspx?bdSe=11371"
"2025-02-10","NC 다이노스","김형준","C","포수","0","0","","5","H6","https://www.koreabaseball.com/MediaNews/Notice/View.aspx?bdSe=11371"
"2025-02-10","NC 다이노스","박세혁","C","포수","0","0","","5","H7","https://www.koreabaseball.com/MediaNews/Notice/View.aspx?bdSe=11371"
"2025-02-10","NC 다이노스","신용석","C","포수","0","0","","5","H8","https://www.koreabaseball.com/MediaNews/Notice/View.aspx?bdSe=11371"
"2025-02-10","NC 다이노스","안중열","C","포수","0","0","","5","H9","https://www.koreabaseball.com/MediaNews/Notice/View.aspx?bdSe=11371"
"2025-02-10","NC 다이노스","김세훈","IF","내야수","0","0","","5","H10","https://www.koreabaseball.com/MediaNews/Notice/View.aspx?bdSe=11371"
"2025-02-10","NC 다이노스","김주원","IF","내야수","0","0","","5","H11","https://www.koreabaseball.com/MediaNews/Notice/View.aspx?bdSe=11371"
"2025-02-10","NC 다이노스","김한별","IF","내야수","0","0","","5","H12","https://www.koreabaseball.com/MediaNews/Notice/View.aspx?bdSe=11371"
"2025-02-10","NC 다이노스","김휘집","IF","내야수","0","0","","5","H13","https://www.koreabaseball.com/MediaNews/Notice/View.aspx?bdSe=11371"
"2025-02-10","NC 다이노스","데이비슨","IF","내야수","0","1","외국인","5","H21","https://www.koreabaseball.com/MediaNews/Notice/View.aspx?bdSe=11371"
"2025-02-10","NC 다이노스","도태훈","IF","내야수","0","0","","5","H14","https://www.koreabaseball.com/MediaNews/Notice/View.aspx?bdSe=11371"
"2025-02-10","NC 다이노스","박민우","IF","내야수","0","0","","5","H15","https://www.koreabaseball.com/MediaNews/Notice/View.aspx?bdSe=11371"
"2025-02-10","NC 다이노스","서호철","IF","내야수","0","0","","5","H16","https://www.koreabaseball.com/MediaNews/Notice/View.aspx?bdSe=11371"
"2025-02-10","NC 다이노스","오영수","IF","내야수","0","0","","5","H17","https://www.koreabaseball.com/MediaNews/Notice/View.aspx?bdSe=11371"
"2025-02-10","NC 다이노스","장창훈","IF","내야수","1","0","신인","5","H18","https://www.koreabaseball.com/MediaNews/Notice/View.aspx?bdSe=11371"
"2025-02-10","NC 다이노스","최정원","IF","내야수","0","0","","5","H19","https://www.koreabaseball.com/MediaNews/Notice/View.aspx?bdSe=11371"
"2025-02-10","NC 다이노스","한재환","IF","내야수","0","0","","5","H20","https://www.koreabaseball.com/MediaNews/Notice/View.aspx?bdSe=11371"
"2025-02-10","NC 다이노스","권희동","OF","외야수","0","0","","5","H22","https://www.koreabaseball.com/MediaNews/Notice/View.aspx?bdSe=11371"
"2025-02-10","NC 다이노스","김범준","OF","외야수","0","0","","5","H23","https://www.koreabaseball.com/MediaNews/Notice/View.aspx?bdSe=11371"
"2025-02-10","NC 다이노스","김성욱","OF","외야수","0","0","","5","H24","https://www.koreabaseball.com/MediaNews/Notice/View.aspx?bdSe=11371"
"2025-02-10","NC 다이노스","박건우","OF","외야수","0","0","","5","H25","https://www.koreabaseball.com/MediaNews/Notice/View.aspx?bdSe=11371"
"2025-02-10","NC 다이노스","박시원","OF","외야수","0","0","","5","H26","https://www.koreabaseball.com/MediaNews/Notice/View.aspx?bdSe=11371"
"2025-02-10","NC 다이노스","박영빈","OF","외야수","0","0","","5","H27","https://www.koreabaseball.com/MediaNews/Notice/View.aspx?bdSe=11371"
"2025-02-10","NC 다이노스","박한결","OF","외야수","0","0","","5","H28","https://www.koreabaseball.com/MediaNews/Notice/View.aspx?bdSe=11371"
"2025-02-10","NC 다이노스","손아섭","OF","외야수","0","0","","5","H29","https://www.koreabaseball.com/MediaNews/Notice/View.aspx?bdSe=11371"
"2025-02-10","NC 다이노스","송승환","OF","외야수","0","0","","5","H30","https://www.koreabaseball.com/MediaNews/Notice/View.aspx?bdSe=11371"
"2025-02-10","NC 다이노스","천재환","OF","외야수","0","0","","5","H31","https://www.koreabaseball.com/MediaNews/Notice/View.aspx?bdSe=11371"
"2025-02-10","NC 다이노스","한석현","OF","외야수","0","0","","5","H32","https://www.koreabaseball.com/MediaNews/Notice/View.aspx?bdSe=11371"
"2025-02-10","NC 다이노스","김민규","P","투수","0","0","","5","E6","https://www.koreabaseball.com/MediaNews/Notice/View.aspx?bdSe=11371"
"2025-02-10","NC 다이노스","김시훈","P","투수","0","0","","5","E7","https://www.koreabaseball.com/MediaNews/Notice/View.aspx?bdSe=11371"
"2025-02-10","NC 다이노스","김영규","P","투수","0","0","","5","E8","https://www.koreabaseball.com/MediaNews/Notice/View.aspx?bdSe=11371"
"2025-02-10","NC 다이노스","김재열","P","투수","0","0","","5","E9","https://www.koreabaseball.com/MediaNews/Notice/View.aspx?bdSe=11371"
"2025-02-10","NC 다이노스","김진호","P","투수","0","0","","5","E10","https://www.koreabaseball.com/MediaNews/Notice/View.aspx?bdSe=11371"
"2025-02-10","NC 다이노스","김태경","P","투수","0","0","","5","E11","https://www.koreabaseball.com/MediaNews/Notice/View.aspx?bdSe=11371"
"2025-02-10","NC 다이노스","김태현","P","투수","0","0","","5","E12","https://www.koreabaseball.com/MediaNews/Notice/View.aspx?bdSe=11371"
"2025-02-10","NC 다이노스","김태훈","P","투수","1","0","신인","5","E13","https://www.koreabaseball.com/MediaNews/Notice/View.aspx?bdSe=11371"
"2025-02-10","NC 다이노스","김휘건","P","투수","0","0","","5","E14","https://www.koreabaseball.com/MediaNews/Notice/View.aspx?bdSe=11371"
"2025-02-10","NC 다이노스","라일리","P","투수","0","1","외국인","5","H4","https://www.koreabaseball.com/MediaNews/Notice/View.aspx?bdSe=11371"
"2025-02-10","NC 다이노스","로건","P","투수","0","1","외국인","5","H5","https://www.koreabaseball.com/MediaNews/Notice/View.aspx?bdSe=11371"
"2025-02-10","NC 다이노스","류진욱","P","투수","0","0","","5","E15","https://www.koreabaseball.com/MediaNews/Notice/View.aspx?bdSe=11371"
"2025-02-10","NC 다이노스","목지훈","P","투수","0","0","","5","E16","https://www.koreabaseball.com/MediaNews/Notice/View.aspx?bdSe=11371"
"2025-02-10","NC 다이노스","박주현","P","투수","0","0","","5","E17","https://www.koreabaseball.com/MediaNews/Notice/View.aspx?bdSe=11371"
"2025-02-10","NC 다이노스","배재환","P","투수","0","0","","5","E18","https://www.koreabaseball.com/MediaNews/Notice/View.aspx?bdSe=11371"
"2025-02-10","NC 다이노스","서의태","P","투수","0","0","","5","E19","https://www.koreabaseball.com/MediaNews/Notice/View.aspx?bdSe=11371"
"2025-02-10","NC 다이노스","소이현","P","투수","0","0","","5","E20","https://www.koreabaseball.com/MediaNews/Notice/View.aspx?bdSe=11371"
"2025-02-10","NC 다이노스","손주환","P","투수","0","0","","5","E21","https://www.koreabaseball.com/MediaNews/Notice/View.aspx?bdSe=11371"
"2025-02-10","NC 다이노스","신민혁","P","투수","0","0","","5","E22","https://www.koreabaseball.com/MediaNews/Notice/View.aspx?bdSe=11371"
"2025-02-10","NC 다이노스","신영우","P","투수","0","0","","5","E23","https://www.koreabaseball.com/MediaNews/Notice/View.aspx?bdSe=11371"
"2025-02-10","NC 다이노스","원종해","P","투수","0","0","","5","E24","https://www.koreabaseball.com/MediaNews/Notice/View.aspx?bdSe=11371"
"2025-02-10","NC 다이노스","이세민","P","투수","1","0","신인","5","E25","https://www.koreabaseball.com/MediaNews/Notice/View.aspx?bdSe=11371"
"2025-02-10","NC 다이노스","이용찬","P","투수","0","0","","5","E26","https://www.koreabaseball.com/MediaNews/Notice/View.aspx?bdSe=11371"
"2025-02-10","NC 다이노스","이재학","P","투수","0","0","","5","E27","https://www.koreabaseball.com/MediaNews/Notice/View.aspx?bdSe=11371"
"2025-02-10","NC 다이노스","임상현","P","투수","0","0","","5","E28","https://www.koreabaseball.com/MediaNews/Notice/View.aspx?bdSe=11371"
"2025-02-10","NC 다이노스","임정호","P","투수","0","0","","5","E29","https://www.koreabaseball.com/MediaNews/Notice/View.aspx?bdSe=11371"
"2025-02-10","NC 다이노스","전루건","P","투수","0","0","","5","E30","https://www.koreabaseball.com/MediaNews/Notice/View.aspx?bdSe=11371"
"2025-02-10","NC 다이노스","전사민","P","투수","0","0","","5","E31","https://www.koreabaseball.com/MediaNews/Notice/View.aspx?bdSe=11371"
"2025-02-10","NC 다이노스","최성영","P","투수","0","0","","5","E32","https://www.koreabaseball.com/MediaNews/Notice/View.aspx?bdSe=11371"
"2025-02-10","NC 다이노스","최우석","P","투수","0","0","","5","E33","https://www.koreabaseball.com/MediaNews/Notice/View.aspx?bdSe=11371"
"2025-02-10","NC 다이노스","한재승","P","투수","0","0","","5","E34","https://www.koreabaseball.com/MediaNews/Notice/View.aspx?bdSe=11371"
"2025-02-10","NC 다이노스","홍재문","P","투수","1","0","신인","5","H3","https://www.koreabaseball.com/MediaNews/Notice/View.aspx?bdSe=11371"
"2025-02-10","SSG 랜더스","김민식","C","포수","0","0","","3","E61","https://www.koreabaseball.com/MediaNews/Notice/View.aspx?bdSe=11371"
"2025-02-10","SSG 랜더스","박대온","C","포수","0","0","","3","E62","https://www.koreabaseball.com/MediaNews/Notice/View.aspx?bdSe=11371"
"2025-02-10","SSG 랜더스","신범수","C","포수","0","0","","3","E63","https://www.koreabaseball.com/MediaNews/Notice/View.aspx?bdSe=11371"
"2025-02-10","SSG 랜더스","이율예","C","포수","1","0","신인","3","H33","https://www.koreabaseball.com/MediaNews/Notice/View.aspx?bdSe=11371"
"2025-02-10","SSG 랜더스","이지영","C","포수","0","0","","3","H34","https://www.koreabaseball.com/MediaNews/Notice/View.aspx?bdSe=11371"
"2025-02-10","SSG 랜더스","조형우","C","포수","0","0","","3","H35","https://www.koreabaseball.com/MediaNews/Notice/View.aspx?bdSe=11371"
"2025-02-10","SSG 랜더스","고명준","IF","내야수","0","0","","3","H36","https://www.koreabaseball.com/MediaNews/Notice/View.aspx?bdSe=11371"
"2025-02-10","SSG 랜더스","김성민","IF","내야수","0","0","","3","H37","https://www.koreabaseball.com/MediaNews/Notice/View.aspx?bdSe=11371"
"2025-02-10","SSG 랜더스","김성현","IF","내야수","0","0","","3","H38","https://www.koreabaseball.com/MediaNews/Notice/View.aspx?bdSe=11371"
"2025-02-10","SSG 랜더스","김수윤","IF","내야수","0","0","","3","H39","https://www.koreabaseball.com/MediaNews/Notice/View.aspx?bdSe=11371"
"2025-02-10","SSG 랜더스","김찬형","IF","내야수","0","0","","3","H40","https://www.koreabaseball.com/MediaNews/Notice/View.aspx?bdSe=11371"
"2025-02-10","SSG 랜더스","박성한","IF","내야수","0","0","","3","H41","https://www.koreabaseball.com/MediaNews/Notice/View.aspx?bdSe=11371"
"2025-02-10","SSG 랜더스","박지환","IF","내야수","0","0","","3","H42","https://www.koreabaseball.com/MediaNews/Notice/View.aspx?bdSe=11371"
"2025-02-10","SSG 랜더스","석정우","IF","내야수","0","0","","3","H43","https://www.koreabaseball.com/MediaNews/Notice/View.aspx?bdSe=11371"
"2025-02-10","SSG 랜더스","안상현","IF","내야수","0","0","","3","H44","https://www.koreabaseball.com/MediaNews/Notice/View.aspx?bdSe=11371"
"2025-02-10","SSG 랜더스","정준재","IF","내야수","0","0","","3","H45","https://www.koreabaseball.com/MediaNews/Notice/View.aspx?bdSe=11371"
"2025-02-10","SSG 랜더스","최정","IF","내야수","0","0","","3","H46","https://www.koreabaseball.com/MediaNews/Notice/View.aspx?bdSe=11371"
"2025-02-10","SSG 랜더스","최준우","IF","내야수","0","0","","3","H47","https://www.koreabaseball.com/MediaNews/Notice/View.aspx?bdSe=11371"
"2025-02-10","SSG 랜더스","현원회","IF","내야수","0","0","","3","H48","https://www.koreabaseball.com/MediaNews/Notice/View.aspx?bdSe=11371"
"2025-02-10","SSG 랜더스","김창평","OF","외야수","0","0","","3","H49","https://www.koreabaseball.com/MediaNews/Notice/View.aspx?bdSe=11371"
"2025-02-10","SSG 랜더스","류효승","OF","외야수","0","0","","3","H50","https://www.koreabaseball.com/MediaNews/Notice/View.aspx?bdSe=11371"
"2025-02-10","SSG 랜더스","에레디아","OF","외야수","0","1","외국인","3","H61","https://www.koreabaseball.com/MediaNews/Notice/View.aspx?bdSe=11371"
"2025-02-10","SSG 랜더스","오태곤","OF","외야수","0","0","","3","H51","https://www.koreabaseball.com/MediaNews/Notice/View.aspx?bdSe=11371"
"2025-02-10","SSG 랜더스","이승민","OF","외야수","0","0","","3","H52","https://www.koreabaseball.com/MediaNews/Notice/View.aspx?bdSe=11371"
"2025-02-10","SSG 랜더스","이정범","OF","외야수","0","0","","3","H53","https://www.koreabaseball.com/MediaNews/Notice/View.aspx?bdSe=11371"
"2025-02-10","SSG 랜더스","정현승","OF","외야수","0","0","","3","H54","https://www.koreabaseball.com/MediaNews/Notice/View.aspx?bdSe=11371"
"2025-02-10","SSG 랜더스","채현우","OF","외야수","0","0","","3","H55","https://www.koreabaseball.com/MediaNews/Notice/View.aspx?bdSe=11371"
"2025-02-10","SSG 랜더스","최민창","OF","외야수","0","0","","3","H56","https://www.koreabaseball.com/MediaNews/Notice/View.aspx?bdSe=11371"
"2025-02-10","SSG 랜더스","최상민","OF","외야수","0","0","","3","H57","https://www.koreabaseball.com/MediaNews/Notice/View.aspx?bdSe=11371"
"2025-02-10","SSG 랜더스","최지훈","OF","외야수","0","0","","3","H58","https://www.koreabaseball.com/MediaNews/Notice/View.aspx?bdSe=11371"
"2025-02-10","SSG 랜더스","하재훈","OF","외야수","0","0","","3","H59","https://www.koreabaseball.com/MediaNews/Notice/View.aspx?bdSe=11371"
"2025-02-10","SSG 랜더스","한유섬","OF","외야수","0","0","","3","H60","https://www.koreabaseball.com/MediaNews/Notice/View.aspx?bdSe=11371"
"2025-02-10","SSG 랜더스","김건우","P","투수","0","0","","3","E34","https://www.koreabaseball.com/MediaNews/Notice/View.aspx?bdSe=11371"
"2025-02-10","SSG 랜더스","김광현","P","투수","0","0","","3","E35","https://www.koreabaseball.com/MediaNews/Notice/View.aspx?bdSe=11371"
"2025-02-10","SSG 랜더스","김민","P","투수","0","0","","3","E36","https://www.koreabaseball.com/MediaNews/Notice/View.aspx?bdSe=11371"
"2025-02-10","SSG 랜더스","김택형","P","투수","0","0","","3","E37","https://www.koreabaseball.com/MediaNews/Notice/View.aspx?bdSe=11371"
"2025-02-10","SSG 랜더스","노경은","P","투수","0","0","","3","E38","https://www.koreabaseball.com/MediaNews/Notice/View.aspx?bdSe=11371"
"2025-02-10","SSG 랜더스","문승원","P","투수","0","0","","3","E39","https://www.koreabaseball.com/MediaNews/Notice/View.aspx?bdSe=11371"
"2025-02-10","SSG 랜더스","박기호","P","투수","0","0","","3","E40","https://www.koreabaseball.com/MediaNews/Notice/View.aspx?bdSe=11371"
"2025-02-10","SSG 랜더스","박성빈","P","투수","0","0","","3","E41","https://www.koreabaseball.com/MediaNews/Notice/View.aspx?bdSe=11371"
"2025-02-10","SSG 랜더스","박시후","P","투수","0","0","","3","E42","https://www.koreabaseball.com/MediaNews/Notice/View.aspx?bdSe=11371"
"2025-02-10","SSG 랜더스","박종훈","P","투수","0","0","","3","E43","https://www.koreabaseball.com/MediaNews/Notice/View.aspx?bdSe=11371"
"2025-02-10","SSG 랜더스","백승건","P","투수","0","0","","3","E44","https://www.koreabaseball.com/MediaNews/Notice/View.aspx?bdSe=11371"
"2025-02-10","SSG 랜더스","서진용","P","투수","0","0","","3","E45","https://www.koreabaseball.com/MediaNews/Notice/View.aspx?bdSe=11371"
"2025-02-10","SSG 랜더스","송영진","P","투수","0","0","","3","E46","https://www.koreabaseball.com/MediaNews/Notice/View.aspx?bdSe=11371"
"2025-02-10","SSG 랜더스","신지환","P","투수","1","0","신인","3","E47","https://www.koreabaseball.com/MediaNews/Notice/View.aspx?bdSe=11371"
"2025-02-10","SSG 랜더스","신헌민","P","투수","0","0","","3","E48","https://www.koreabaseball.com/MediaNews/Notice/View.aspx?bdSe=11371"
"2025-02-10","SSG 랜더스","앤더슨","P","투수","0","1","외국인","3","E59","https://www.koreabaseball.com/MediaNews/Notice/View.aspx?bdSe=11371"
"2025-02-10","SSG 랜더스","이건욱","P","투수","0","0","","3","E49","https://www.koreabaseball.com/MediaNews/Notice/View.aspx?bdSe=11371"
"2025-02-10","SSG 랜더스","이로운","P","투수","0","0","","3","E50","https://www.koreabaseball.com/MediaNews/Notice/View.aspx?bdSe=11371"
"2025-02-10","SSG 랜더스","장지훈","P","투수","0","0","","3","E51","https://www.koreabaseball.com/MediaNews/Notice/View.aspx?bdSe=11371"
"2025-02-10","SSG 랜더스","전영준","P","투수","0","0","","3","E52","https://www.koreabaseball.com/MediaNews/Notice/View.aspx?bdSe=11371"
"2025-02-10","SSG 랜더스","정동윤","P","투수","0","0","","3","E53","https://www.koreabaseball.com/MediaNews/Notice/View.aspx?bdSe=11371"
"2025-02-10","SSG 랜더스","조병현","P","투수","0","0","","3","E54","https://www.koreabaseball.com/MediaNews/Notice/View.aspx?bdSe=11371"
"2025-02-10","SSG 랜더스","천범석","P","투수","1","0","신인","3","E55","https://www.koreabaseball.com/MediaNews/Notice/View.aspx?bdSe=11371"
"2025-02-10","SSG 랜더스","최민준","P","투수","0","0","","3","E56","https://www.koreabaseball.com/MediaNews/Notice/View.aspx?bdSe=11371"
"2025-02-10","SSG 랜더스","최현석","P","투수","0","0","","3","E57","https://www.koreabaseball.com/MediaNews/Notice/View.aspx?bdSe=11371"
"2025-02-10","SSG 랜더스","한두솔","P","투수","0","0","","3","E58","https://www.koreabaseball.com/MediaNews/Notice/View.aspx?bdSe=11371"
"2025-02-10","SSG 랜더스","화이트","P","투수","0","1","외국인","3","E60","https://www.koreabaseball.com/MediaNews/Notice/View.aspx?bdSe=11371"
"2025-02-10","두산 베어스","김기연","C","포수","0","0","","2","H38","https://www.koreabaseball.com/MediaNews/Notice/View.aspx?bdSe=11371"
"2025-02-10","두산 베어스","류현준","C","포수","0","0","","2","H39","https://www.koreabaseball.com/MediaNews/Notice/View.aspx?bdSe=11371"
"2025-02-10","두산 베어스","박민준","C","포수","0","0","","2","H40","https://www.koreabaseball.com/MediaNews/Notice/View.aspx?bdSe=11371"
"2025-02-10","두산 베어스","양의지","C","포수","0","0","","2","H41","https://www.koreabaseball.com/MediaNews/Notice/View.aspx?bdSe=11371"
"2025-02-10","두산 베어스","장승현","C","포수","0","0","","2","H42","https://www.koreabaseball.com/MediaNews/Notice/View.aspx?bdSe=11371"
"2025-02-10","두산 베어스","강승호","IF","내야수","0","0","","2","H43","https://www.koreabaseball.com/MediaNews/Notice/View.aspx?bdSe=11371"
"2025-02-10","두산 베어스","김동준","IF","내야수","0","0","","2","H44","https://www.koreabaseball.com/MediaNews/Notice/View.aspx?bdSe=11371"
"2025-02-10","두산 베어스","김민혁","IF","내야수","0","0","","2","H45","https://www.koreabaseball.com/MediaNews/Notice/View.aspx?bdSe=11371"
"2025-02-10","두산 베어스","박계범","IF","내야수","0","0","","2","H46","https://www.koreabaseball.com/MediaNews/Notice/View.aspx?bdSe=11371"
"2025-02-10","두산 베어스","박준순","IF","내야수","1","0","신인","2","H47","https://www.koreabaseball.com/MediaNews/Notice/View.aspx?bdSe=11371"
"2025-02-10","두산 베어스","박준영","IF","내야수","0","0","","2","H48","https://www.koreabaseball.com/MediaNews/Notice/View.aspx?bdSe=11371"
"2025-02-10","두산 베어스","박지훈","IF","내야수","0","0","","2","H49","https://www.koreabaseball.com/MediaNews/Notice/View.aspx?bdSe=11371"
"2025-02-10","두산 베어스","양석환","IF","내야수","0","0","","2","H50","https://www.koreabaseball.com/MediaNews/Notice/View.aspx?bdSe=11371"
"2025-02-10","두산 베어스","여동건","IF","내야수","0","0","","2","H51","https://www.koreabaseball.com/MediaNews/Notice/View.aspx?bdSe=11371"
"2025-02-10","두산 베어스","오명진","IF","내야수","0","0","","2","H52","https://www.koreabaseball.com/MediaNews/Notice/View.aspx?bdSe=11371"
"2025-02-10","두산 베어스","이선우","IF","내야수","1","0","신인","2","H53","https://www.koreabaseball.com/MediaNews/Notice/View.aspx?bdSe=11371"
"2025-02-10","두산 베어스","이유찬","IF","내야수","0","0","","2","H54","https://www.koreabaseball.com/MediaNews/Notice/View.aspx?bdSe=11371"
"2025-02-10","두산 베어스","임종성","IF","내야수","0","0","","2","H55","https://www.koreabaseball.com/MediaNews/Notice/View.aspx?bdSe=11371"
"2025-02-10","두산 베어스","강현구","OF","외야수","0","0","","2","H56","https://www.koreabaseball.com/MediaNews/Notice/View.aspx?bdSe=11371"
"2025-02-10","두산 베어스","김대한","OF","외야수","0","0","","2","H57","https://www.koreabaseball.com/MediaNews/Notice/View.aspx?bdSe=11371"
"2025-02-10","두산 베어스","김민석","OF","외야수","0","0","","2","H58","https://www.koreabaseball.com/MediaNews/Notice/View.aspx?bdSe=11371"
"2025-02-10","두산 베어스","김인태","OF","외야수","0","0","","2","H59","https://www.koreabaseball.com/MediaNews/Notice/View.aspx?bdSe=11371"
"2025-02-10","두산 베어스","김재환","OF","외야수","0","0","","2","H60","https://www.koreabaseball.com/MediaNews/Notice/View.aspx?bdSe=11371"
"2025-02-10","두산 베어스","전다민","OF","외야수","0","0","","2","H61","https://www.koreabaseball.com/MediaNews/Notice/View.aspx?bdSe=11371"
"2025-02-10","두산 베어스","정수빈","OF","외야수","0","0","","2","H62","https://www.koreabaseball.com/MediaNews/Notice/View.aspx?bdSe=11371"
"2025-02-10","두산 베어스","조수행","OF","외야수","0","0","","2","H63","https://www.koreabaseball.com/MediaNews/Notice/View.aspx?bdSe=11371"
"2025-02-10","두산 베어스","추재현","OF","외야수","0","0","","2","H64","https://www.koreabaseball.com/MediaNews/Notice/View.aspx?bdSe=11371"
"2025-02-10","두산 베어스","케이브","OF","외야수","0","1","외국인","2","H65","https://www.koreabaseball.com/MediaNews/Notice/View.aspx?bdSe=11371"
"2025-02-10","두산 베어스","곽빈","P","투수","0","0","","2","E38","https://www.koreabaseball.com/MediaNews/Notice/View.aspx?bdSe=11371"
"2025-02-10","두산 베어스","권휘","P","투수","0","0","","2","E39","https://www.koreabaseball.com/MediaNews/Notice/View.aspx?bdSe=11371"
"2025-02-10","두산 베어스","김명신","P","투수","0","0","","2","E40","https://www.koreabaseball.com/MediaNews/Notice/View.aspx?bdSe=11371"
"2025-02-10","두산 베어스","김무빈","P","투수","0","0","","2","E41","https://www.koreabaseball.com/MediaNews/Notice/View.aspx?bdSe=11371"
"2025-02-10","두산 베어스","김민규","P","투수","0","0","","2","E42","https://www.koreabaseball.com/MediaNews/Notice/View.aspx?bdSe=11371"
"2025-02-10","두산 베어스","김유성","P","투수","0","0","","2","E43","https://www.koreabaseball.com/MediaNews/Notice/View.aspx?bdSe=11371"
"2025-02-10","두산 베어스","김정우","P","투수","0","0","","2","E44","https://www.koreabaseball.com/MediaNews/Notice/View.aspx?bdSe=11371"
"2025-02-10","두산 베어스","김택연","P","투수","0","0","","2","E45","https://www.koreabaseball.com/MediaNews/Notice/View.aspx?bdSe=11371"
"2025-02-10","두산 베어스","김호준","P","투수","0","0","","2","E46","https://www.koreabaseball.com/MediaNews/Notice/View.aspx?bdSe=11371"
"2025-02-10","두산 베어스","박신지","P","투수","0","0","","2","E47","https://www.koreabaseball.com/MediaNews/Notice/View.aspx?bdSe=11371"
"2025-02-10","두산 베어스","박정수","P","투수","0","0","","2","E48","https://www.koreabaseball.com/MediaNews/Notice/View.aspx?bdSe=11371"
"2025-02-10","두산 베어스","박지호","P","투수","0","0","","2","E49","https://www.koreabaseball.com/MediaNews/Notice/View.aspx?bdSe=11371"
"2025-02-10","두산 베어스","박치국","P","투수","0","0","","2","E50","https://www.koreabaseball.com/MediaNews/Notice/View.aspx?bdSe=11371"
"2025-02-10","두산 베어스","윤태호","P","투수","0","0","","2","E51","https://www.koreabaseball.com/MediaNews/Notice/View.aspx?bdSe=11371"
"2025-02-10","두산 베어스","이교훈","P","투수","0","0","","2","E52","https://www.koreabaseball.com/MediaNews/Notice/View.aspx?bdSe=11371"
"2025-02-10","두산 베어스","이병헌","P","투수","0","0","","2","E53","https://www.koreabaseball.com/MediaNews/Notice/View.aspx?bdSe=11371"
"2025-02-10","두산 베어스","이승진","P","투수","0","0","","2","E54","https://www.koreabaseball.com/MediaNews/Notice/View.aspx?bdSe=11371"
"2025-02-10","두산 베어스","이영하","P","투수","0","0","","2","E55","https://www.koreabaseball.com/MediaNews/Notice/View.aspx?bdSe=11371"
"2025-02-10","두산 베어스","잭로그","P","투수","0","1","외국인","2","E65","https://www.koreabaseball.com/MediaNews/Notice/View.aspx?bdSe=11371"
"2025-02-10","두산 베어스","최민석","P","투수","1","0","신인","2","E56","https://www.koreabaseball.com/MediaNews/Notice/View.aspx?bdSe=11371"
"2025-02-10","두산 베어스","최승용","P","투수","0","0","","2","E57","https://www.koreabaseball.com/MediaNews/Notice/View.aspx?bdSe=11371"
"2025-02-10","두산 베어스","최원준","P","투수","0","0","","2","E58","https://www.koreabaseball.com/MediaNews/Notice/View.aspx?bdSe=11371"
"2025-02-10","두산 베어스","최종인","P","투수","0","0","","2","E59","https://www.koreabaseball.com/MediaNews/Notice/View.aspx?bdSe=11371"
"2025-02-10","두산 베어스","최준호","P","투수","0","0","","2","E60","https://www.koreabaseball.com/MediaNews/Notice/View.aspx?bdSe=11371"
"2025-02-10","두산 베어스","최지강","P","투수","0","0","","2","E61","https://www.koreabaseball.com/MediaNews/Notice/View.aspx?bdSe=11371"
"2025-02-10","두산 베어스","콜어빈","P","투수","0","1","외국인","2","E66","https://www.koreabaseball.com/MediaNews/Notice/View.aspx?bdSe=11371"
"2025-02-10","두산 베어스","홍건희","P","투수","0","0","","2","E62","https://www.koreabaseball.com/MediaNews/Notice/View.aspx?bdSe=11371"
"2025-02-10","두산 베어스","홍민규","P","투수","1","0","신인","2","E63","https://www.koreabaseball.com/MediaNews/Notice/View.aspx?bdSe=11371"
"2025-02-10","두산 베어스","황희천","P","투수","1","0","신인","2","E64","https://www.koreabaseball.com/MediaNews/Notice/View.aspx?bdSe=11371"
"2025-02-10","롯데 자이언츠","강승구","C","포수","0","0","","4","H6","https://www.koreabaseball.com/MediaNews/Notice/View.aspx?bdSe=11371"
"2025-02-10","롯데 자이언츠","박재엽","C","포수","1","0","신인","4","H7","https://www.koreabaseball.com/MediaNews/Notice/View.aspx?bdSe=11371"
"2025-02-10","롯데 자이언츠","백두산","C","포수","0","0","","4","H8","https://www.koreabaseball.com/MediaNews/Notice/View.aspx?bdSe=11371"
"2025-02-10","롯데 자이언츠","서동욱","C","포수","0","0","","4","H9","https://www.koreabaseball.com/MediaNews/Notice/View.aspx?bdSe=11371"
"2025-02-10","롯데 자이언츠","손성빈","C","포수","0","0","","4","H10","https://www.koreabaseball.com/MediaNews/Notice/View.aspx?bdSe=11371"
"2025-02-10","롯데 자이언츠","유강남","C","포수","0","0","","4","H11","https://www.koreabaseball.com/MediaNews/Notice/View.aspx?bdSe=11371"
"2025-02-10","롯데 자이언츠","정보근","C","포수","0","0","","4","H12","https://www.koreabaseball.com/MediaNews/Notice/View.aspx?bdSe=11371"
"2025-02-10","롯데 자이언츠","강성우","IF","내야수","0","0","","4","H13","https://www.koreabaseball.com/MediaNews/Notice/View.aspx?bdSe=11371"
"2025-02-10","롯데 자이언츠","고승민","IF","내야수","0","0","","4","H14","https://www.koreabaseball.com/MediaNews/Notice/View.aspx?bdSe=11371"
"2025-02-10","롯데 자이언츠","김민성","IF","내야수","0","0","","4","H15","https://www.koreabaseball.com/MediaNews/Notice/View.aspx?bdSe=11371"
"2025-02-10","롯데 자이언츠","나승엽","IF","내야수","0","0","","4","H16","https://www.koreabaseball.com/MediaNews/Notice/View.aspx?bdSe=11371"
"2025-02-10","롯데 자이언츠","노진혁","IF","내야수","0","0","","4","H17","https://www.koreabaseball.com/MediaNews/Notice/View.aspx?bdSe=11371"
"2025-02-10","롯데 자이언츠","박승욱","IF","내야수","0","0","","4","H18","https://www.koreabaseball.com/MediaNews/Notice/View.aspx?bdSe=11371"
"2025-02-10","롯데 자이언츠","손호영","IF","내야수","0","0","","4","H19","https://www.koreabaseball.com/MediaNews/Notice/View.aspx?bdSe=11371"
"2025-02-10","롯데 자이언츠","신윤후","IF","내야수","0","0","","4","H20","https://www.koreabaseball.com/MediaNews/Notice/View.aspx?bdSe=11371"
"2025-02-10","롯데 자이언츠","이호준","IF","내야수","0","0","","4","H21","https://www.koreabaseball.com/MediaNews/Notice/View.aspx?bdSe=11371"
"2025-02-10","롯데 자이언츠","전민재","IF","내야수","0","0","","4","H22","https://www.koreabaseball.com/MediaNews/Notice/View.aspx?bdSe=11371"
"2025-02-10","롯데 자이언츠","정훈","IF","내야수","0","0","","4","H23","https://www.koreabaseball.com/MediaNews/Notice/View.aspx?bdSe=11371"
"2025-02-10","롯데 자이언츠","최항","IF","내야수","0","0","","4","H24","https://www.koreabaseball.com/MediaNews/Notice/View.aspx?bdSe=11371"
"2025-02-10","롯데 자이언츠","한태양","IF","내야수","0","0","","4","H25","https://www.koreabaseball.com/MediaNews/Notice/View.aspx?bdSe=11371"
"2025-02-10","롯데 자이언츠","김동혁","OF","외야수","0","0","","4","H26","https://www.koreabaseball.com/MediaNews/Notice/View.aspx?bdSe=11371"
"2025-02-10","롯데 자이언츠","레이예스","OF","외야수","0","1","외국인","4","H34","https://www.koreabaseball.com/MediaNews/Notice/View.aspx?bdSe=11371"
"2025-02-10","롯데 자이언츠","윤동희","OF","외야수","0","0","","4","H27","https://www.koreabaseball.com/MediaNews/Notice/View.aspx?bdSe=11371"
"2025-02-10","롯데 자이언츠","이인한","OF","외야수","0","0","","4","H28","https://www.koreabaseball.com/MediaNews/Notice/View.aspx?bdSe=11371"
"2025-02-10","롯데 자이언츠","이정훈","OF","외야수","0","0","","4","H29","https://www.koreabaseball.com/MediaNews/Notice/View.aspx?bdSe=11371"
"2025-02-10","롯데 자이언츠","장두성","OF","외야수","0","0","","4","H30","https://www.koreabaseball.com/MediaNews/Notice/View.aspx?bdSe=11371"
"2025-02-10","롯데 자이언츠","전준우","OF","외야수","0","0","","4","H31","https://www.koreabaseball.com/MediaNews/Notice/View.aspx?bdSe=11371"
"2025-02-10","롯데 자이언츠","조세진","OF","외야수","0","0","","4","H32","https://www.koreabaseball.com/MediaNews/Notice/View.aspx?bdSe=11371"
"2025-02-10","롯데 자이언츠","황성빈","OF","외야수","0","0","","4","H33","https://www.koreabaseball.com/MediaNews/Notice/View.aspx?bdSe=11371"
"2025-02-10","롯데 자이언츠","구승민","P","투수","0","0","","4","E7","https://www.koreabaseball.com/MediaNews/Notice/View.aspx?bdSe=11371"
"2025-02-10","롯데 자이언츠","김강현","P","투수","0","0","","4","E8","https://www.koreabaseball.com/MediaNews/Notice/View.aspx?bdSe=11371"
"2025-02-10","롯데 자이언츠","김도규","P","투수","0","0","","4","E9","https://www.koreabaseball.com/MediaNews/Notice/View.aspx?bdSe=11371"
"2025-02-10","롯데 자이언츠","김상수","P","투수","0","0","","4","E10","https://www.koreabaseball.com/MediaNews/Notice/View.aspx?bdSe=11371"
"2025-02-10","롯데 자이언츠","김원중","P","투수","0","0","","4","E11","https://www.koreabaseball.com/MediaNews/Notice/View.aspx?bdSe=11371"
"2025-02-10","롯데 자이언츠","김진욱","P","투수","0","0","","4","E12","https://www.koreabaseball.com/MediaNews/Notice/View.aspx?bdSe=11371"
"2025-02-10","롯데 자이언츠","김태현","P","투수","1","0","신인","4","E13","https://www.koreabaseball.com/MediaNews/Notice/View.aspx?bdSe=11371"
"2025-02-10","롯데 자이언츠","나균안","P","투수","0","0","","4","E14","https://www.koreabaseball.com/MediaNews/Notice/View.aspx?bdSe=11371"
"2025-02-10","롯데 자이언츠","데이비슨","P","투수","0","1","외국인","4","H4","https://www.koreabaseball.com/MediaNews/Notice/View.aspx?bdSe=11371"
"2025-02-10","롯데 자이언츠","박세웅","P","투수","0","0","","4","E15","https://www.koreabaseball.com/MediaNews/Notice/View.aspx?bdSe=11371"
"2025-02-10","롯데 자이언츠","박세현","P","투수","1","0","신인","4","E16","https://www.koreabaseball.com/MediaNews/Notice/View.aspx?bdSe=11371"
"2025-02-10","롯데 자이언츠","박시영","P","투수","0","0","","4","E17","https://www.koreabaseball.com/MediaNews/Notice/View.aspx?bdSe=11371"
"2025-02-10","롯데 자이언츠","박준우","P","투수","0","0","","4","E18","https://www.koreabaseball.com/MediaNews/Notice/View.aspx?bdSe=11371"
"2025-02-10","롯데 자이언츠","박진","P","투수","0","0","","4","E19","https://www.koreabaseball.com/MediaNews/Notice/View.aspx?bdSe=11371"
"2025-02-10","롯데 자이언츠","박진형","P","투수","0","0","","4","E20","https://www.koreabaseball.com/MediaNews/Notice/View.aspx?bdSe=11371"
"2025-02-10","롯데 자이언츠","반즈","P","투수","0","1","외국인","4","H5","https://www.koreabaseball.com/MediaNews/Notice/View.aspx?bdSe=11371"
"2025-02-10","롯데 자이언츠","송재영","P","투수","0","0","","4","E21","https://www.koreabaseball.com/MediaNews/Notice/View.aspx?bdSe=11371"
"2025-02-10","롯데 자이언츠","신병률","P","투수","0","0","","4","E22","https://www.koreabaseball.com/MediaNews/Notice/View.aspx?bdSe=11371"
"2025-02-10","롯데 자이언츠","심재민","P","투수","0","0","","4","E23","https://www.koreabaseball.com/MediaNews/Notice/View.aspx?bdSe=11371"
"2025-02-10","롯데 자이언츠","윤성빈","P","투수","0","0","","4","E24","https://www.koreabaseball.com/MediaNews/Notice/View.aspx?bdSe=11371"
"2025-02-10","롯데 자이언츠","이민석","P","투수","0","0","","4","E25","https://www.koreabaseball.com/MediaNews/Notice/View.aspx?bdSe=11371"
"2025-02-10","롯데 자이언츠","이병준","P","투수","0","0","","4","E26","https://www.koreabaseball.com/MediaNews/Notice/View.aspx?bdSe=11371"
"2025-02-10","롯데 자이언츠","정우준","P","투수","0","0","","4","E27","https://www.koreabaseball.com/MediaNews/Notice/View.aspx?bdSe=11371"
"2025-02-10","롯데 자이언츠","정철원","P","투수","0","0","","4","E28","https://www.koreabaseball.com/MediaNews/Notice/View.aspx?bdSe=11371"
"2025-02-10","롯데 자이언츠","정현수","P","투수","0","0","","4","E29","https://www.koreabaseball.com/MediaNews/Notice/View.aspx?bdSe=11371"
"2025-02-10","롯데 자이언츠","진승현","P","투수","0","0","","4","E30","https://www.koreabaseball.com/MediaNews/Notice/View.aspx?bdSe=11371"
"2025-02-10","롯데 자이언츠","진해수","P","투수","0","0","","4","E31","https://www.koreabaseball.com/MediaNews/Notice/View.aspx?bdSe=11371"
"2025-02-10","롯데 자이언츠","최준용","P","투수","0","0","","4","E32","https://www.koreabaseball.com/MediaNews/Notice/View.aspx?bdSe=11371"
"2025-02-10","롯데 자이언츠","한현희","P","투수","0","0","","4","E33","https://www.koreabaseball.com/MediaNews/Notice/View.aspx?bdSe=11371"
"2025-02-10","롯데 자이언츠","현도훈","P","투수","0","0","","4","E34","https://www.koreabaseball.com/MediaNews/Notice/View.aspx?bdSe=11371"
"2025-02-10","롯데 자이언츠","홍민기","P","투수","0","0","","4","H3","https://www.koreabaseball.com/MediaNews/Notice/View.aspx?bdSe=11371"
"2025-02-10","삼성 라이온즈","강민호","C","포수","0","0","","1","H41","https://www.koreabaseball.com/MediaNews/Notice/View.aspx?bdSe=11371"
"2025-02-10","삼성 라이온즈","김도환","C","포수","0","0","","1","H42","https://www.koreabaseball.com/MediaNews/Notice/View.aspx?bdSe=11371"
"2025-02-10","삼성 라이온즈","김민수","C","포수","0","0","","1","H43","https://www.koreabaseball.com/MediaNews/Notice/View.aspx?bdSe=11371"
"2025-02-10","삼성 라이온즈","김재성","C","포수","0","0","","1","H44","https://www.koreabaseball.com/MediaNews/Notice/View.aspx?bdSe=11371"
"2025-02-10","삼성 라이온즈","이병헌","C","포수","0","0","","1","H45","https://www.koreabaseball.com/MediaNews/Notice/View.aspx?bdSe=11371"
"2025-02-10","삼성 라이온즈","강한울","IF","내야수","0","0","","1","H46","https://www.koreabaseball.com/MediaNews/Notice/View.aspx?bdSe=11371"
"2025-02-10","삼성 라이온즈","공민규","IF","내야수","0","0","","1","H47","https://www.koreabaseball.com/MediaNews/Notice/View.aspx?bdSe=11371"
"2025-02-10","삼성 라이온즈","김영웅","IF","내야수","0","0","","1","H48","https://www.koreabaseball.com/MediaNews/Notice/View.aspx?bdSe=11371"
"2025-02-10","삼성 라이온즈","김호진","IF","내야수","0","0","","1","H49","https://www.koreabaseball.com/MediaNews/Notice/View.aspx?bdSe=11371"
"2025-02-10","삼성 라이온즈","디아즈","IF","내야수","0","1","외국인","1","H61","https://www.koreabaseball.com/MediaNews/Notice/View.aspx?bdSe=11371"
"2025-02-10","삼성 라이온즈","류지혁","IF","내야수","0","0","","1","H50","https://www.koreabaseball.com/MediaNews/Notice/View.aspx?bdSe=11371"
"2025-02-10","삼성 라이온즈","박병호","IF","내야수","0","0","","1","H51","https://www.koreabaseball.com/MediaNews/Notice/View.aspx?bdSe=11371"
"2025-02-10","삼성 라이온즈","심재훈","IF","내야수","1","0","신인","1","H52","https://www.koreabaseball.com/MediaNews/Notice/View.aspx?bdSe=11371"
"2025-02-10","삼성 라이온즈","안주형","IF","내야수","0","0","","1","H53","https://www.koreabaseball.com/MediaNews/Notice/View.aspx?bdSe=11371"
"2025-02-10","삼성 라이온즈","양도근","IF","내야수","0","0","","1","H54","https://www.koreabaseball.com/MediaNews/Notice/View.aspx?bdSe=11371"
"2025-02-10","삼성 라이온즈","양우현","IF","내야수","0","0","","1","H55","https://www.koreabaseball.com/MediaNews/Notice/View.aspx?bdSe=11371"
"2025-02-10","삼성 라이온즈","이재현","IF","내야수","0","0","","1","H56","https://www.koreabaseball.com/MediaNews/Notice/View.aspx?bdSe=11371"
"2025-02-10","삼성 라이온즈","이창용","IF","내야수","0","0","","1","H57","https://www.koreabaseball.com/MediaNews/Notice/View.aspx?bdSe=11371"
"2025-02-10","삼성 라이온즈","이해승","IF","내야수","0","0","","1","H58","https://www.koreabaseball.com/MediaNews/Notice/View.aspx?bdSe=11371"
"2025-02-10","삼성 라이온즈","전병우","IF","내야수","0","0","","1","H59","https://www.koreabaseball.com/MediaNews/Notice/View.aspx?bdSe=11371"
"2025-02-10","삼성 라이온즈","차승준","IF","내야수","1","0","신인","1","H60","https://www.koreabaseball.com/MediaNews/Notice/View.aspx?bdSe=11371"
"2025-02-10","삼성 라이온즈","구자욱","OF","외야수","0","0","","1","H62","https://www.koreabaseball.com/MediaNews/Notice/View.aspx?bdSe=11371"
"2025-02-10","삼성 라이온즈","김성윤","OF","외야수","0","0","","1","H63","https://www.koreabaseball.com/MediaNews/Notice/View.aspx?bdSe=11371"
"2025-02-10","삼성 라이온즈","김재혁","OF","외야수","0","0","","1","H64","https://www.koreabaseball.com/MediaNews/Notice/View.aspx?bdSe=11371"
"2025-02-10","삼성 라이온즈","김지찬","OF","외야수","0","0","","1","H65","https://www.koreabaseball.com/MediaNews/Notice/View.aspx?bdSe=11371"
"2025-02-10","삼성 라이온즈","김태훈","OF","외야수","0","0","1996. 3. 31.","1","H66","https://www.koreabaseball.com/MediaNews/Notice/View.aspx?bdSe=11371"
"2025-02-10","삼성 라이온즈","김헌곤","OF","외야수","0","0","","1","H67","https://www.koreabaseball.com/MediaNews/Notice/View.aspx?bdSe=11371"
"2025-02-10","삼성 라이온즈","윤정빈","OF","외야수","0","0","","1","H68","https://www.koreabaseball.com/MediaNews/Notice/View.aspx?bdSe=11371"
"2025-02-10","삼성 라이온즈","이성규","OF","외야수","0","0","","1","H69","https://www.koreabaseball.com/MediaNews/Notice/View.aspx?bdSe=11371"
"2025-02-10","삼성 라이온즈","함수호","OF","외야수","1","0","신인","1","H70","https://www.koreabaseball.com/MediaNews/Notice/View.aspx?bdSe=11371"
"2025-02-10","삼성 라이온즈","홍현빈","OF","외야수","0","0","","1","H71","https://www.koreabaseball.com/MediaNews/Notice/View.aspx?bdSe=11371"
"2025-02-10","삼성 라이온즈","권현우","P","투수","1","0","신인","1","E41","https://www.koreabaseball.com/MediaNews/Notice/View.aspx?bdSe=11371"
"2025-02-10","삼성 라이온즈","김대우","P","투수","0","0","","1","E42","https://www.koreabaseball.com/MediaNews/Notice/View.aspx?bdSe=11371"
"2025-02-10","삼성 라이온즈","김대호","P","투수","0","0","","1","E43","https://www.koreabaseball.com/MediaNews/Notice/View.aspx?bdSe=11371"
"2025-02-10","삼성 라이온즈","김윤수","P","투수","0","0","","1","E44","https://www.koreabaseball.com/MediaNews/Notice/View.aspx?bdSe=11371"
"2025-02-10","삼성 라이온즈","김재윤","P","투수","0","0","","1","E45","https://www.koreabaseball.com/MediaNews/Notice/View.aspx?bdSe=11371"
"2025-02-10","삼성 라이온즈","김태훈","P","투수","0","0","1992. 3. 2.","1","E46","https://www.koreabaseball.com/MediaNews/Notice/View.aspx?bdSe=11371"
"2025-02-10","삼성 라이온즈","레예스","P","투수","0","1","외국인","1","E70","https://www.koreabaseball.com/MediaNews/Notice/View.aspx?bdSe=11371"
"2025-02-10","삼성 라이온즈","배찬승","P","투수","1","0","신인","1","E47","https://www.koreabaseball.com/MediaNews/Notice/View.aspx?bdSe=11371"
"2025-02-10","삼성 라이온즈","백정현","P","투수","0","0","","1","E48","https://www.koreabaseball.com/MediaNews/Notice/View.aspx?bdSe=11371"
"2025-02-10","삼성 라이온즈","송은범","P","투수","0","0","","1","E49","https://www.koreabaseball.com/MediaNews/Notice/View.aspx?bdSe=11371"
"2025-02-10","삼성 라이온즈","양창섭","P","투수","0","0","","1","E50","https://www.koreabaseball.com/MediaNews/Notice/View.aspx?bdSe=11371"
"2025-02-10","삼성 라이온즈","양현","P","투수","0","0","","1","E51","https://www.koreabaseball.com/MediaNews/Notice/View.aspx?bdSe=11371"
"2025-02-10","삼성 라이온즈","오승환","P","투수","0","0","","1","E52","https://www.koreabaseball.com/MediaNews/Notice/View.aspx?bdSe=11371"
"2025-02-10","삼성 라이온즈","원태인","P","투수","0","0","","1","E53","https://www.koreabaseball.com/MediaNews/Notice/View.aspx?bdSe=11371"
"2025-02-10","삼성 라이온즈","육선엽","P","투수","0","0","","1","E54","https://www.koreabaseball.com/MediaNews/Notice/View.aspx?bdSe=11371"
"2025-02-10","삼성 라이온즈","이상민","P","투수","0","0","","1","E55","https://www.koreabaseball.com/MediaNews/Notice/View.aspx?bdSe=11371"
"2025-02-10","삼성 라이온즈","이승민","P","투수","0","0","","1","E56","https://www.koreabaseball.com/MediaNews/Notice/View.aspx?bdSe=11371"
"2025-02-10","삼성 라이온즈","이승현","P","투수","0","0","2002. 5. 19.","1","E58","https://www.koreabaseball.com/MediaNews/Notice/View.aspx?bdSe=11371"
"2025-02-10","삼성 라이온즈","이승현","P","투수","0","0","1991. 11. 20.","1","E57","https://www.koreabaseball.com/MediaNews/Notice/View.aspx?bdSe=11371"
"2025-02-10","삼성 라이온즈","이재익","P","투수","0","0","","1","E59","https://www.koreabaseball.com/MediaNews/Notice/View.aspx?bdSe=11371"
"2025-02-10","삼성 라이온즈","이재희","P","투수","0","0","","1","E60","https://www.koreabaseball.com/MediaNews/Notice/View.aspx?bdSe=11371"
"2025-02-10","삼성 라이온즈","이호성","P","투수","0","0","","1","E61","https://www.koreabaseball.com/MediaNews/Notice/View.aspx?bdSe=11371"
"2025-02-10","삼성 라이온즈","임창민","P","투수","0","0","","1","E62","https://www.koreabaseball.com/MediaNews/Notice/View.aspx?bdSe=11371"
"2025-02-10","삼성 라이온즈","최성훈","P","투수","0","0","","1","E63","https://www.koreabaseball.com/MediaNews/Notice/View.aspx?bdSe=11371"
"2025-02-10","삼성 라이온즈","최원태","P","투수","0","0","","1","E64","https://www.koreabaseball.com/MediaNews/Notice/View.aspx?bdSe=11371"
"2025-02-10","삼성 라이온즈","최지광","P","투수","0","0","","1","E65","https://www.koreabaseball.com/MediaNews/Notice/View.aspx?bdSe=11371"
"2025-02-10","삼성 라이온즈","최충연","P","투수","0","0","","1","E66","https://www.koreabaseball.com/MediaNews/Notice/View.aspx?bdSe=11371"
"2025-02-10","삼성 라이온즈","최하늘","P","투수","0","0","","1","E67","https://www.koreabaseball.com/MediaNews/Notice/View.aspx?bdSe=11371"
"2025-02-10","삼성 라이온즈","홍원표","P","투수","0","0","","1","E68","https://www.koreabaseball.com/MediaNews/Notice/View.aspx?bdSe=11371"
"2025-02-10","삼성 라이온즈","황동재","P","투수","0","0","","1","E69","https://www.koreabaseball.com/MediaNews/Notice/View.aspx?bdSe=11371"
"2025-02-10","삼성 라이온즈","후라도","P","투수","0","1","외국인","1","E71","https://www.koreabaseball.com/MediaNews/Notice/View.aspx?bdSe=11371"
"2025-02-10","키움 히어로즈","김건희","C","포수","0","0","","5","E54","https://www.koreabaseball.com/MediaNews/Notice/View.aspx?bdSe=11371"
"2025-02-10","키움 히어로즈","김동헌","C","포수","0","0","","5","E55","https://www.koreabaseball.com/MediaNews/Notice/View.aspx?bdSe=11371"
"2025-02-10","키움 히어로즈","김재현","C","포수","0","0","","5","E56","https://www.koreabaseball.com/MediaNews/Notice/View.aspx?bdSe=11371"
"2025-02-10","키움 히어로즈","박성빈","C","포수","0","0","","5","E57","https://www.koreabaseball.com/MediaNews/Notice/View.aspx?bdSe=11371"
"2025-02-10","키움 히어로즈","강진성","IF","내야수","0","0","","5","E58","https://www.koreabaseball.com/MediaNews/Notice/View.aspx?bdSe=11371"
"2025-02-10","키움 히어로즈","고영우","IF","내야수","0","0","","5","E59","https://www.koreabaseball.com/MediaNews/Notice/View.aspx?bdSe=11371"
"2025-02-10","키움 히어로즈","권혁빈","IF","내야수","1","0","신인","5","E60","https://www.koreabaseball.com/MediaNews/Notice/View.aspx?bdSe=11371"
"2025-02-10","키움 히어로즈","김병휘","IF","내야수","0","0","","5","E61","https://www.koreabaseball.com/MediaNews/Notice/View.aspx?bdSe=11371"
"2025-02-10","키움 히어로즈","김웅빈","IF","내야수","0","0","","5","E62","https://www.koreabaseball.com/MediaNews/Notice/View.aspx?bdSe=11371"
"2025-02-10","키움 히어로즈","김태진","IF","내야수","0","0","","5","E63","https://www.koreabaseball.com/MediaNews/Notice/View.aspx?bdSe=11371"
"2025-02-10","키움 히어로즈","서유신","IF","내야수","0","0","","5","H38","https://www.koreabaseball.com/MediaNews/Notice/View.aspx?bdSe=11371"
"2025-02-10","키움 히어로즈","송성문","IF","내야수","0","0","","5","H39","https://www.koreabaseball.com/MediaNews/Notice/View.aspx?bdSe=11371"
"2025-02-10","키움 히어로즈","양현종","IF","내야수","1","0","신인","5","H40","https://www.koreabaseball.com/MediaNews/Notice/View.aspx?bdSe=11371"
"2025-02-10","키움 히어로즈","어준서","IF","내야수","1","0","신인","5","H41","https://www.koreabaseball.com/MediaNews/Notice/View.aspx?bdSe=11371"
"2025-02-10","키움 히어로즈","여동욱","IF","내야수","1","0","신인","5","H42","https://www.koreabaseball.com/MediaNews/Notice/View.aspx?bdSe=11371"
"2025-02-10","키움 히어로즈","오선진","IF","내야수","0","0","","5","H43","https://www.koreabaseball.com/MediaNews/Notice/View.aspx?bdSe=11371"
"2025-02-10","키움 히어로즈","이승원","IF","내야수","0","0","","5","H44","https://www.koreabaseball.com/MediaNews/Notice/View.aspx?bdSe=11371"
"2025-02-10","키움 히어로즈","이원석","IF","내야수","0","0","","5","H45","https://www.koreabaseball.com/MediaNews/Notice/View.aspx?bdSe=11371"
"2025-02-10","키움 히어로즈","이재상","IF","내야수","0","0","","5","H46","https://www.koreabaseball.com/MediaNews/Notice/View.aspx?bdSe=11371"
"2025-02-10","키움 히어로즈","이주형","IF","내야수","0","0","2002. 7. 5.","5","H47","https://www.koreabaseball.com/MediaNews/Notice/View.aspx?bdSe=11371"
"2025-02-10","키움 히어로즈","전태현","IF","내야수","1","0","신인","5","H48","https://www.koreabaseball.com/MediaNews/Notice/View.aspx?bdSe=11371"
"2025-02-10","키움 히어로즈","최주환","IF","내야수","0","0","","5","H49","https://www.koreabaseball.com/MediaNews/Notice/View.aspx?bdSe=11371"
"2025-02-10","키움 히어로즈","김동엽","OF","외야수","0","0","","5","H50","https://www.koreabaseball.com/MediaNews/Notice/View.aspx?bdSe=11371"
"2025-02-10","키움 히어로즈","박수종","OF","외야수","0","0","","5","H51","https://www.koreabaseball.com/MediaNews/Notice/View.aspx?bdSe=11371"
"2025-02-10","키움 히어로즈","박주홍","OF","외야수","0","0","","5","H52","https://www.koreabaseball.com/MediaNews/Notice/View.aspx?bdSe=11371"
"2025-02-10","키움 히어로즈","변상권","OF","외야수","0","0","","5","H53","https://www.koreabaseball.com/MediaNews/Notice/View.aspx?bdSe=11371"
"2025-02-10","키움 히어로즈","원성준","OF","외야수","0","0","","5","H54","https://www.koreabaseball.com/MediaNews/Notice/View.aspx?bdSe=11371"
"2025-02-10","키움 히어로즈","이용규","OF","외야수","0","0","","5","H55","https://www.koreabaseball.com/MediaNews/Notice/View.aspx?bdSe=11371"
"2025-02-10","키움 히어로즈","이주형","OF","외야수","0","0","2001. 4. 2.","5","H56","https://www.koreabaseball.com/MediaNews/Notice/View.aspx?bdSe=11371"
"2025-02-10","키움 히어로즈","이형종","OF","외야수","0","0","","5","H57","https://www.koreabaseball.com/MediaNews/Notice/View.aspx?bdSe=11371"
"2025-02-10","키움 히어로즈","임병욱","OF","외야수","0","0","","5","H58","https://www.koreabaseball.com/MediaNews/Notice/View.aspx?bdSe=11371"
"2025-02-10","키움 히어로즈","임지열","OF","외야수","0","0","","5","H59","https://www.koreabaseball.com/MediaNews/Notice/View.aspx?bdSe=11371"
"2025-02-10","키움 히어로즈","장재영","OF","외야수","0","0","","5","H60","https://www.koreabaseball.com/MediaNews/Notice/View.aspx?bdSe=11371"
"2025-02-10","키움 히어로즈","주성원","OF","외야수","0","0","","5","H61","https://www.koreabaseball.com/MediaNews/Notice/View.aspx?bdSe=11371"
"2025-02-10","키움 히어로즈","카디네스","OF","외야수","0","1","외국인","5","H62","https://www.koreabaseball.com/MediaNews/Notice/View.aspx?bdSe=11371"
"2025-02-10","키움 히어로즈","푸이그","OF","외야수","0","1","외국인","5","H63","https://www.koreabaseball.com/MediaNews/Notice/View.aspx?bdSe=11371"
"2025-02-10","키움 히어로즈","김동규","P","투수","0","0","","5","B55","https://www.koreabaseball.com/MediaNews/Notice/View.aspx?bdSe=11371"
"2025-02-10","키움 히어로즈","김서준","P","투수","1","0","신인","5","B56","https://www.koreabaseball.com/MediaNews/Notice/View.aspx?bdSe=11371"
"2025-02-10","키움 히어로즈","김선기","P","투수","0","0","","5","B57","https://www.koreabaseball.com/MediaNews/Notice/View.aspx?bdSe=11371"
"2025-02-10","키움 히어로즈","김성민","P","투수","0","0","","5","B58","https://www.koreabaseball.com/MediaNews/Notice/View.aspx?bdSe=11371"
"2025-02-10","키움 히어로즈","김연주","P","투수","0","0","","5","B59","https://www.koreabaseball.com/MediaNews/Notice/View.aspx?bdSe=11371"
"2025-02-10","키움 히어로즈","김윤하","P","투수","0","0","","5","B60","https://www.koreabaseball.com/MediaNews/Notice/View.aspx?bdSe=11371"
"2025-02-10","키움 히어로즈","김인범","P","투수","0","0","","5","B61","https://www.koreabaseball.com/MediaNews/Notice/View.aspx?bdSe=11371"
"2025-02-10","키움 히어로즈","로젠버그","P","투수","0","1","외국인","5","E53","https://www.koreabaseball.com/MediaNews/Notice/View.aspx?bdSe=11371"
"2025-02-10","키움 히어로즈","박범준","P","투수","0","0","","5","B62","https://www.koreabaseball.com/MediaNews/Notice/View.aspx?bdSe=11371"
"2025-02-10","키움 히어로즈","박윤성","P","투수","0","0","","5","B63","https://www.koreabaseball.com/MediaNews/Notice/View.aspx?bdSe=11371"
"2025-02-10","키움 히어로즈","박정훈","P","투수","1","0","신인","5","E38","https://www.koreabaseball.com/MediaNews/Notice/View.aspx?bdSe=11371"
"2025-02-10","키움 히어로즈","박주성","P","투수","0","0","","5","E39","https://www.koreabaseball.com/MediaNews/Notice/View.aspx?bdSe=11371"
"2025-02-10","키움 히어로즈","손현기","P","투수","0","0","","5","E40","https://www.koreabaseball.com/MediaNews/Notice/View.aspx?bdSe=11371"
"2025-02-10","키움 히어로즈","양지율","P","투수","0","0","","5","E41","https://www.koreabaseball.com/MediaNews/Notice/View.aspx?bdSe=11371"
"2025-02-10","키움 히어로즈","오석주","P","투수","0","0","","5","E42","https://www.koreabaseball.com/MediaNews/Notice/View.aspx?bdSe=11371"
"2025-02-10","키움 히어로즈","원종현","P","투수","0","0","","5","E43","https://www.koreabaseball.com/MediaNews/Notice/View.aspx?bdSe=11371"
"2025-02-10","키움 히어로즈","윤현","P","투수","1","0","신인","5","E44","https://www.koreabaseball.com/MediaNews/Notice/View.aspx?bdSe=11371"
"2025-02-10","키움 히어로즈","이강준","P","투수","0","0","","5","E45","https://www.koreabaseball.com/MediaNews/Notice/View.aspx?bdSe=11371"
"2025-02-10","키움 히어로즈","이종민","P","투수","0","0","","5","E46","https://www.koreabaseball.com/MediaNews/Notice/View.aspx?bdSe=11371"
"2025-02-10","키움 히어로즈","장필준","P","투수","0","0","","5","E47","https://www.koreabaseball.com/MediaNews/Notice/View.aspx?bdSe=11371"
"2025-02-10","키움 히어로즈","전준표","P","투수","0","0","","5","E48","https://www.koreabaseball.com/MediaNews/Notice/View.aspx?bdSe=11371"
"2025-02-10","키움 히어로즈","정현우","P","투수","1","0","신인","5","E49","https://www.koreabaseball.com/MediaNews/Notice/View.aspx?bdSe=11371"
"2025-02-10","키움 히어로즈","조영건","P","투수","0","0","","5","E50","https://www.koreabaseball.com/MediaNews/Notice/View.aspx?bdSe=11371"
"2025-02-10","키움 히어로즈","주승우","P","투수","0","0","","5","E51","https://www.koreabaseball.com/MediaNews/Notice/View.aspx?bdSe=11371"
"2025-02-10","키움 히어로즈","하영민","P","투수","0","0","","5","E52","https://www.koreabaseball.com/MediaNews/Notice/View.aspx?bdSe=11371"
"2025-02-10","한화 이글스","박상언","C","포수","0","0","","4","H38","https://www.koreabaseball.com/MediaNews/Notice/View.aspx?bdSe=11371"
"2025-02-10","한화 이글스","이재원","C","포수","0","0","","4","H39","https://www.koreabaseball.com/MediaNews/Notice/View.aspx?bdSe=11371"
"2025-02-10","한화 이글스","장규현","C","포수","0","0","","4","H40","https://www.koreabaseball.com/MediaNews/Notice/View.aspx?bdSe=11371"
"2025-02-10","한화 이글스","최재훈","C","포수","0","0","","4","H41","https://www.koreabaseball.com/MediaNews/Notice/View.aspx?bdSe=11371"
"2025-02-10","한화 이글스","한지윤","C","포수","1","0","신인","4","H42","https://www.koreabaseball.com/MediaNews/Notice/View.aspx?bdSe=11371"
"2025-02-10","한화 이글스","허인서","C","포수","0","0","","4","H43","https://www.koreabaseball.com/MediaNews/Notice/View.aspx?bdSe=11371"
"2025-02-10","한화 이글스","권광민","IF","내야수","0","0","","4","H44","https://www.koreabaseball.com/MediaNews/Notice/View.aspx?bdSe=11371"
"2025-02-10","한화 이글스","김인환","IF","내야수","0","0","","4","H45","https://www.koreabaseball.com/MediaNews/Notice/View.aspx?bdSe=11371"
"2025-02-10","한화 이글스","노시환","IF","내야수","0","0","","4","H46","https://www.koreabaseball.com/MediaNews/Notice/View.aspx?bdSe=11371"
"2025-02-10","한화 이글스","문현빈","IF","내야수","0","0","","4","H47","https://www.koreabaseball.com/MediaNews/Notice/View.aspx?bdSe=11371"
"2025-02-10","한화 이글스","배승수","IF","내야수","1","0","신인","4","H48","https://www.koreabaseball.com/MediaNews/Notice/View.aspx?bdSe=11371"
"2025-02-10","한화 이글스","심우준","IF","내야수","0","0","","4","H49","https://www.koreabaseball.com/MediaNews/Notice/View.aspx?bdSe=11371"
"2025-02-10","한화 이글스","안치홍","IF","내야수","0","0","","4","H50","https://www.koreabaseball.com/MediaNews/Notice/View.aspx?bdSe=11371"
"2025-02-10","한화 이글스","이도윤","IF","내야수","0","0","","4","H51","https://www.koreabaseball.com/MediaNews/Notice/View.aspx?bdSe=11371"
"2025-02-10","한화 이글스","정민규","IF","내야수","0","0","","4","H52","https://www.koreabaseball.com/MediaNews/Notice/View.aspx?bdSe=11371"
"2025-02-10","한화 이글스","채은성","IF","내야수","0","0","","4","H53","https://www.koreabaseball.com/MediaNews/Notice/View.aspx?bdSe=11371"
"2025-02-10","한화 이글스","하주석","IF","내야수","0","0","","4","H54","https://www.koreabaseball.com/MediaNews/Notice/View.aspx?bdSe=11371"
"2025-02-10","한화 이글스","황영묵","IF","내야수","0","0","","4","H55","https://www.koreabaseball.com/MediaNews/Notice/View.aspx?bdSe=11371"
"2025-02-10","한화 이글스","김태연","OF","외야수","0","0","","4","H56","https://www.koreabaseball.com/MediaNews/Notice/View.aspx?bdSe=11371"
"2025-02-10","한화 이글스","유로결","OF","외야수","0","0","","4","H57","https://www.koreabaseball.com/MediaNews/Notice/View.aspx?bdSe=11371"
"2025-02-10","한화 이글스","이상혁","OF","외야수","0","0","","4","H58","https://www.koreabaseball.com/MediaNews/Notice/View.aspx?bdSe=11371"
"2025-02-10","한화 이글스","이원석","OF","외야수","0","0","","4","H59","https://www.koreabaseball.com/MediaNews/Notice/View.aspx?bdSe=11371"
"2025-02-10","한화 이글스","이진영","OF","외야수","0","0","","4","H60","https://www.koreabaseball.com/MediaNews/Notice/View.aspx?bdSe=11371"
"2025-02-10","한화 이글스","임종찬","OF","외야수","0","0","","4","H61","https://www.koreabaseball.com/MediaNews/Notice/View.aspx?bdSe=11371"
"2025-02-10","한화 이글스","최인호","OF","외야수","0","0","","4","H62","https://www.koreabaseball.com/MediaNews/Notice/View.aspx?bdSe=11371"
"2025-02-10","한화 이글스","최준서","OF","외야수","0","0","","4","H63","https://www.koreabaseball.com/MediaNews/Notice/View.aspx?bdSe=11371"
"2025-02-10","한화 이글스","플로리얼","OF","외야수","0","1","외국인","4","H64","https://www.koreabaseball.com/MediaNews/Notice/View.aspx?bdSe=11371"
"2025-02-10","한화 이글스","권민규","P","투수","1","0","신인","4","E38","https://www.koreabaseball.com/MediaNews/Notice/View.aspx?bdSe=11371"
"2025-02-10","한화 이글스","김규연","P","투수","0","0","","4","E39","https://www.koreabaseball.com/MediaNews/Notice/View.aspx?bdSe=11371"
"2025-02-10","한화 이글스","김기중","P","투수","0","0","","4","E40","https://www.koreabaseball.com/MediaNews/Notice/View.aspx?bdSe=11371"
"2025-02-10","한화 이글스","김도빈","P","투수","0","0","","4","E41","https://www.koreabaseball.com/MediaNews/Notice/View.aspx?bdSe=11371"
"2025-02-10","한화 이글스","김민우","P","투수","0","0","","4","E42","https://www.koreabaseball.com/MediaNews/Notice/View.aspx?bdSe=11371"
"2025-02-10","한화 이글스","김범수","P","투수","0","0","","4","E43","https://www.koreabaseball.com/MediaNews/Notice/View.aspx?bdSe=11371"
"2025-02-10","한화 이글스","김서현","P","투수","0","0","","4","E44","https://www.koreabaseball.com/MediaNews/Notice/View.aspx?bdSe=11371"
"2025-02-10","한화 이글스","김승일","P","투수","0","0","","4","E45","https://www.koreabaseball.com/MediaNews/Notice/View.aspx?bdSe=11371"
"2025-02-10","한화 이글스","김종수","P","투수","0","0","","4","E46","https://www.koreabaseball.com/MediaNews/Notice/View.aspx?bdSe=11371"
"2025-02-10","한화 이글스","류현진","P","투수","0","0","","4","E47","https://www.koreabaseball.com/MediaNews/Notice/View.aspx?bdSe=11371"
"2025-02-10","한화 이글스","문동주","P","투수","0","0","","4","E48","https://www.koreabaseball.com/MediaNews/Notice/View.aspx?bdSe=11371"
"2025-02-10","한화 이글스","박상원","P","투수","0","0","","4","E49","https://www.koreabaseball.com/MediaNews/Notice/View.aspx?bdSe=11371"
"2025-02-10","한화 이글스","배동현","P","투수","0","0","","4","E50","https://www.koreabaseball.com/MediaNews/Notice/View.aspx?bdSe=11371"
"2025-02-10","한화 이글스","배민서","P","투수","0","0","","4","E51","https://www.koreabaseball.com/MediaNews/Notice/View.aspx?bdSe=11371"
"2025-02-10","한화 이글스","성지훈","P","투수","0","0","","4","E52","https://www.koreabaseball.com/MediaNews/Notice/View.aspx?bdSe=11371"
"2025-02-10","한화 이글스","엄상백","P","투수","0","0","","4","E53","https://www.koreabaseball.com/MediaNews/Notice/View.aspx?bdSe=11371"
"2025-02-10","한화 이글스","와이스","P","투수","0","1","외국인","4","E66","https://www.koreabaseball.com/MediaNews/Notice/View.aspx?bdSe=11371"
"2025-02-10","한화 이글스","윤대경","P","투수","0","0","","4","E54","https://www.koreabaseball.com/MediaNews/Notice/View.aspx?bdSe=11371"
"2025-02-10","한화 이글스","이민우","P","투수","0","0","","4","E55","https://www.koreabaseball.com/MediaNews/Notice/View.aspx?bdSe=11371"
"2025-02-10","한화 이글스","이상규","P","투수","0","0","","4","E56","https://www.koreabaseball.com/MediaNews/Notice/View.aspx?bdSe=11371"
"2025-02-10","한화 이글스","이태양","P","투수","0","0","","4","E57","https://www.koreabaseball.com/MediaNews/Notice/View.aspx?bdSe=11371"
"2025-02-10","한화 이글스","장민재","P","투수","0","0","","4","E58","https://www.koreabaseball.com/MediaNews/Notice/View.aspx?bdSe=11371"
"2025-02-10","한화 이글스","장시환","P","투수","0","0","","4","E59","https://www.koreabaseball.com/MediaNews/Notice/View.aspx?bdSe=11371"
"2025-02-10","한화 이글스","장지수","P","투수","0","0","","4","E60","https://www.koreabaseball.com/MediaNews/Notice/View.aspx?bdSe=11371"
"2025-02-10","한화 이글스","정우주","P","투수","1","0","신인","4","E61","https://www.koreabaseball.com/MediaNews/Notice/View.aspx?bdSe=11371"
"2025-02-10","한화 이글스","조동욱","P","투수","0","0","","4","E62","https://www.koreabaseball.com/MediaNews/Notice/View.aspx?bdSe=11371"
"2025-02-10","한화 이글스","주현상","P","투수","0","0","","4","E63","https://www.koreabaseball.com/MediaNews/Notice/View.aspx?bdSe=11371"
"2025-02-10","한화 이글스","폰세","P","투수","0","1","외국인","4","E67","https://www.koreabaseball.com/MediaNews/Notice/View.aspx?bdSe=11371"
"2025-02-10","한화 이글스","한승혁","P","투수","0","0","","4","E64","https://www.koreabaseball.com/MediaNews/Notice/View.aspx?bdSe=11371"
"2025-02-10","한화 이글스","황준서","P","투수","0","0","","4","E65","https://www.koreabaseball.com/MediaNews/Notice/View.aspx?bdSe=11371"
