"season","kbo_player_id","player_uid","snapshot_team","player_name","position_group","record_team","has_record","source_url","ERA","G","CG","SHO","W","L","SV","HLD","WPCT","TBF","IP","H","HR","BB","HBP","SO","R","ER","IP_OUTS","IP_DECIMAL","WHIP"
"2025","50030","KBO-50030","KT 위즈","소형준","P","KT","1","https://www.koreabaseball.com/Record/Player/PitcherDetail/Total.aspx?playerId=50030","3.30","26","0","0","10","7","1","0","0.588","617","147 1/3","155","6","29","3","123","60","54","442","147.333","1.25"
"2025","50036","KBO-50036","키움 히어로즈","이강준","P","키움","1","https://www.koreabaseball.com/Record/Player/PitcherDetail/Total.aspx?playerId=50036","6.57","29","0","0","0","3","0","2","0.000","119","24 2/3","29","3","17","2","26","22","18","74","24.667","1.86"
"2025","50106","KBO-50106","LG 트윈스","유영찬","P","LG","1","https://www.koreabaseball.com/Record/Player/PitcherDetail/Total.aspx?playerId=50106","2.63","39","0","0","2","2","21","1","0.500","177","41","31","2","23","3","52","14","12","123","41.000","1.32"
"2025","50109","KBO-50109","KT 위즈","성재헌","P","","0","https://www.koreabaseball.com/Record/Player/PitcherDetail/Total.aspx?playerId=50109","","","","","","","","","","","","","","","","","","","","",""
"2025","50206","KBO-50206","두산 베어스","최종인","P","두산","1","https://www.koreabaseball.com/Record/Player/PitcherDetail/Total.aspx?playerId=50206","5.40","3","0","0","0","0","0","0","-","9","1 2/3","1","0","3","0","5","1","1","5","1.667","2.40"
"2025","50211","KBO-50211","두산 베어스","제환유","P","두산","1","https://www.koreabaseball.com/Record/Player/PitcherDetail/Total.aspx?playerId=50211","4.96","6","0","0","0","1","0","0","0.000","78","16 1/3","17","2","12","1","8","10","9","49","16.333","1.78"
"2025","50430","KBO-50430","삼성 라이온즈","홍원표","P","삼성","1","https://www.koreabaseball.com/Record/Player/PitcherDetail/Total.aspx?playerId=50430","4.50","2","0","0","0","1","0","0","0.000","12","2","3","0","2","1","1","1","1","6","2.000","2.50"
"2025","50441","KBO-50441","삼성 라이온즈","황동재","P","삼성","1","https://www.koreabaseball.com/Record/Player/PitcherDetail/Total.aspx?playerId=50441","6.97","15","0","0","0","1","0","0","0.000","104","20 2/3","27","1","14","2","22","16","16","62","20.667","1.98"
"2025","50464","KBO-50464","삼성 라이온즈","이승민","P","삼성","1","https://www.koreabaseball.com/Record/Player/PitcherDetail/Total.aspx?playerId=50464","3.78","62","0","0","3","2","0","8","0.600","280","64 1/3","61","5","26","3","53","37","27","193","64.333","1.35"
"2025","50556","KBO-50556","롯데 자이언츠","최준용","P","롯데","1","https://www.koreabaseball.com/Record/Player/PitcherDetail/Total.aspx?playerId=50556","5.30","49","0","0","4","4","1","17","0.500","234","54 1/3","50","5","16","6","62","35","32","163","54.333","1.21"
"2025","50596","KBO-50596","롯데 자이언츠","홍민기","P","롯데","1","https://www.koreabaseball.com/Record/Player/PitcherDetail/Total.aspx?playerId=50596","3.09","25","0","0","0","2","0","3","0.000","129","32","24","0","11","2","39","13","11","96","32.000","1.09"
"2025","50604","KBO-50604","KIA 타이거즈","유지성","P","KIA","1","https://www.koreabaseball.com/Record/Player/PitcherDetail/Total.aspx?playerId=50604","0.00","1","0","0","0","0","0","0","-","3","1","0","0","0","0","0","0","0","3","1.000","0.00"
"2025","50641","KBO-50641","KIA 타이거즈","장재혁","P","KIA","1","https://www.koreabaseball.com/Record/Player/PitcherDetail/Total.aspx?playerId=50641","6.00","3","0","0","0","0","0","0","-","13","3","3","1","3","0","2","2","2","9","3.000","2.00"
"2025","50650","KBO-50650","KT 위즈","최용준","P","KT","1","https://www.koreabaseball.com/Record/Player/PitcherDetail/Total.aspx?playerId=50650","2.00","7","0","0","1","0","0","0","1.000","39","9","13","0","2","0","5","2","2","27","9.000","1.67"
"2025","50662","KBO-50662","KIA 타이거즈","정해영","P","KIA","1","https://www.koreabaseball.com/Record/Player/PitcherDetail/Total.aspx?playerId=50662","3.79","60","0","0","3","7","27","0","0.300","275","61 2/3","75","4","18","3","72","30","26","185","61.667","1.51"
"2025","50705","KBO-50705","한화 이글스","강재민","P","한화","1","https://www.koreabaseball.com/Record/Player/PitcherDetail/Total.aspx?playerId=50705","9.00","4","0","0","0","0","0","0","-","20","4","6","1","2","1","5","4","4","12","4.000","2.00"
"2025","50711","KBO-50711","한화 이글스","김승일","P","한화","1","https://www.koreabaseball.com/Record/Player/PitcherDetail/Total.aspx?playerId=50711","23.63","5","0","0","0","0","0","0","-","17","2 2/3","3","1","3","3","3","7","7","8","2.667","2.25"
"2025","50812","KBO-50812","SSG 랜더스","박시후","P","SSG","1","https://www.koreabaseball.com/Record/Player/PitcherDetail/Total.aspx?playerId=50812","3.27","52","0","0","6","2","0","3","0.750","231","52 1/3","45","5","29","5","34","24","19","157","52.333","1.41"
"2025","50859","KBO-50859","KT 위즈","오원석","P","KT","1","https://www.koreabaseball.com/Record/Player/PitcherDetail/Total.aspx?playerId=50859","3.67","25","0","0","11","8","0","0","0.579","565","132 1/3","130","10","52","4","113","60","54","397","132.333","1.38"
"2025","50904","KBO-50904","LG 트윈스","이종준","P","LG","1","https://www.koreabaseball.com/Record/Player/PitcherDetail/Total.aspx?playerId=50904","0.00","2","0","0","0","0","0","0","-","6","1 2/3","0","0","1","0","2","0","0","5","1.667","0.60"
"2025","50992","KBO-50992","NC 다이노스","김태경","P","NC","1","https://www.koreabaseball.com/Record/Player/PitcherDetail/Total.aspx?playerId=50992","10.64","6","0","0","0","0","0","1","-","62","11","18","4","9","2","10","20","13","33","11.000","2.45"
"2025","51058","KBO-51058","KT 위즈","한차현","P","KT","1","https://www.koreabaseball.com/Record/Player/PitcherDetail/Total.aspx?playerId=51058","16.20","2","0","0","0","0","0","0","-","11","1 2/3","4","0","2","0","1","3","3","5","1.667","3.60"
"2025","51111","KBO-51111","LG 트윈스","송승기","P","LG","1","https://www.koreabaseball.com/Record/Player/PitcherDetail/Total.aspx?playerId=51111","3.50","28","0","0","11","6","0","0","0.647","629","144","149","15","49","1","125","61","56","432","144.000","1.38"
"2025","51154","KBO-51154","LG 트윈스","김진수","P","LG","1","https://www.koreabaseball.com/Record/Player/PitcherDetail/Total.aspx?playerId=51154","9.00","4","0","0","0","0","0","0","-","27","5","11","2","1","0","6","5","5","15","5.000","2.40"
"2025","51264","KBO-51264","두산 베어스","최승용","P","두산","1","https://www.koreabaseball.com/Record/Player/PitcherDetail/Total.aspx?playerId=51264","4.41","23","0","0","5","7","0","0","0.417","507","116 1/3","121","8","36","6","71","60","57","349","116.333","1.35"
"2025","51299","KBO-51299","KT 위즈","김주완","P","","0","https://www.koreabaseball.com/Record/Player/PitcherDetail/Total.aspx?playerId=51299","","","","","","","","","","","","","","","","","","","","",""
"2025","51454","KBO-51454","삼성 라이온즈","이승현","P","삼성","1","https://www.koreabaseball.com/Record/Player/PitcherDetail/Total.aspx?playerId=51454","5.42","25","0","0","4","9","0","0","0.308","471","101 1/3","121","10","46","9","74","64","61","304","101.333","1.65"
"2025","51460","KBO-51460","삼성 라이온즈","이재희","P","삼성","1","https://www.koreabaseball.com/Record/Player/PitcherDetail/Total.aspx?playerId=51460","3.00","11","0","0","0","2","0","4","0.000","39","9","7","0","5","0","9","3","3","27","9.000","1.33"
"2025","51516","KBO-51516","롯데 자이언츠","김진욱","P","롯데","1","https://www.koreabaseball.com/Record/Player/PitcherDetail/Total.aspx?playerId=51516","10.00","14","0","0","1","3","0","0","0.250","136","27","42","10","16","2","24","32","30","81","27.000","2.15"
"2025","51526","KBO-51526","LG 트윈스","우강훈","P","LG","1","https://www.koreabaseball.com/Record/Player/PitcherDetail/Total.aspx?playerId=51526","4.66","11","0","0","0","0","0","0","-","46","9 2/3","12","0","6","2","5","5","5","29","9.667","1.86"
"2025","51546","KBO-51546","롯데 자이언츠","정우준","P","롯데","1","https://www.koreabaseball.com/Record/Player/PitcherDetail/Total.aspx?playerId=51546","5.40","3","0","0","0","0","0","0","-","16","3 1/3","6","0","0","1","3","2","2","10","3.333","1.80"
"2025","51592","KBO-51592","롯데 자이언츠","이병준","P","","0","https://www.koreabaseball.com/Record/Player/PitcherDetail/Total.aspx?playerId=51592","","","","","","","","","","","","","","","","","","","","",""
"2025","51594","KBO-51594","롯데 자이언츠","송재영","P","롯데","1","https://www.koreabaseball.com/Record/Player/PitcherDetail/Total.aspx?playerId=51594","4.00","46","0","0","1","0","0","3","1.000","121","27","19","3","24","0","28","13","12","81","27.000","1.59"
"2025","51648","KBO-51648","KIA 타이거즈","이의리","P","KIA","1","https://www.koreabaseball.com/Record/Player/PitcherDetail/Total.aspx?playerId=51648","7.94","10","0","0","1","4","0","0","0.200","193","39 2/3","41","6","31","3","42","37","35","119","39.667","1.82"
"2025","51715","KBO-51715","한화 이글스","김기중","P","한화","1","https://www.koreabaseball.com/Record/Player/PitcherDetail/Total.aspx?playerId=51715","3.07","5","0","0","0","1","0","0","0.000","66","14 2/3","16","0","6","1","8","5","5","44","14.667","1.50"
"2025","51761","KBO-51761","한화 이글스","배동현","P","","0","https://www.koreabaseball.com/Record/Player/PitcherDetail/Total.aspx?playerId=51761","","","","","","","","","","","","","","","","","","","","",""
"2025","51867","KBO-51867","SSG 랜더스","김건우","P","SSG","1","https://www.koreabaseball.com/Record/Player/PitcherDetail/Total.aspx?playerId=51867","3.82","35","0","0","5","4","0","2","0.556","301","66","53","2","49","7","68","31","28","198","66.000","1.55"
"2025","51895","KBO-51895","SSG 랜더스","장지훈","P","","0","https://www.koreabaseball.com/Record/Player/PitcherDetail/Total.aspx?playerId=51895","","","","","","","","","","","","","","","","","","","","",""
"2025","51897","KBO-51897","SSG 랜더스","조병현","P","SSG","1","https://www.koreabaseball.com/Record/Player/PitcherDetail/Total.aspx?playerId=51897","1.60","69","0","0","5","4","30","0","0.556","255","67 1/3","42","5","18","0","79","13","12","202","67.333","0.89"
"2025","51994","KBO-51994","KIA 타이거즈","한재승","P","KIA","1","https://www.koreabaseball.com/Record/Player/PitcherDetail/Total.aspx?playerId=51994","6.48","36","0","0","1","1","1","1","0.500","161","33 1/3","40","5","31","1","35","29","24","100","33.333","2.13"
"2025","52060","KBO-52060","KT 위즈","박영현","P","KT","1","https://www.koreabaseball.com/Record/Player/PitcherDetail/Total.aspx?playerId=52060","3.39","67","0","0","5","6","35","1","0.455","305","69","68","9","34","2","77","31","26","207","69.000","1.48"
"2025","52119","KBO-52119","LG 트윈스","허준혁","P","","0","https://www.koreabaseball.com/Record/Player/PitcherDetail/Total.aspx?playerId=52119","","","","","","","","","","","","","","","","","","","","",""
"2025","52202","KBO-52202","두산 베어스","윤태호","P","두산","1","https://www.koreabaseball.com/Record/Player/PitcherDetail/Total.aspx?playerId=52202","6.75","10","0","0","0","1","0","1","0.000","73","17 1/3","16","2","5","0","16","14","13","52","17.333","1.21"
"2025","52204","KBO-52204","두산 베어스","이병헌","P","두산","1","https://www.koreabaseball.com/Record/Player/PitcherDetail/Total.aspx?playerId=52204","6.23","22","0","0","0","0","0","4","-","56","13","11","1","10","0","9","9","9","39","13.000","1.62"
"2025","52206","KBO-52206","두산 베어스","최지강","P","두산","1","https://www.koreabaseball.com/Record/Player/PitcherDetail/Total.aspx?playerId=52206","6.34","39","0","0","2","5","0","5","0.286","149","32 2/3","41","3","13","2","38","25","23","98","32.667","1.65"
"2025","52330","KBO-52330","키움 히어로즈","주승우","P","키움","1","https://www.koreabaseball.com/Record/Player/PitcherDetail/Total.aspx?playerId=52330","2.45","42","0","0","2","2","16","5","0.500","179","44","35","7","17","2","35","13","12","132","44.000","1.18"
"2025","52395","KBO-52395","키움 히어로즈","윤석원","P","키움","1","https://www.koreabaseball.com/Record/Player/PitcherDetail/Total.aspx?playerId=52395","5.54","37","0","0","1","1","0","8","0.500","160","37 1/3","41","3","12","2","27","23","23","112","37.333","1.42"
"2025","52530","KBO-52530","롯데 자이언츠","이민석","P","롯데","1","https://www.koreabaseball.com/Record/Player/PitcherDetail/Total.aspx?playerId=52530","5.26","20","0","0","2","5","0","0","0.286","417","87 1/3","104","10","56","2","61","56","51","262","87.333","1.83"
"2025","52639","KBO-52639","KIA 타이거즈","최지민","P","KIA","1","https://www.koreabaseball.com/Record/Player/PitcherDetail/Total.aspx?playerId=52639","6.58","66","0","0","2","4","0","9","0.333","253","53 1/3","46","5","51","4","39","40","39","160","53.333","1.82"
"2025","52641","KBO-52641","KIA 타이거즈","황동하","P","KIA","1","https://www.koreabaseball.com/Record/Player/PitcherDetail/Total.aspx?playerId=52641","5.30","18","0","0","1","2","0","0","0.333","155","35 2/3","38","4","10","3","31","21","21","107","35.667","1.35"
"2025","52701","KBO-52701","한화 이글스","문동주","P","한화","1","https://www.koreabaseball.com/Record/Player/PitcherDetail/Total.aspx?playerId=52701","4.02","24","1","0","11","5","0","0","0.688","501","121","112","7","31","3","135","57","54","363","121.000","1.18"
"2025","52731","KBO-52731","한화 이글스","박준영","P","한화","1","https://www.koreabaseball.com/Record/Player/PitcherDetail/Total.aspx?playerId=52731","3.60","1","0","0","0","0","0","0","-","24","5","3","0","6","0","3","2","2","15","5.000","1.80"
"2025","52809","KBO-52809","SSG 랜더스","전영준","P","SSG","1","https://www.koreabaseball.com/Record/Player/PitcherDetail/Total.aspx?playerId=52809","4.61","34","0","0","1","5","0","0","0.167","228","52 2/3","48","5","26","5","55","28","27","158","52.667","1.41"
"2025","52902","KBO-52902","NC 다이노스","임지민","P","NC","1","https://www.koreabaseball.com/Record/Player/PitcherDetail/Total.aspx?playerId=52902","3.86","7","0","0","0","1","0","1","0.000","20","4 2/3","1","0","5","0","7","2","2","14","4.667","1.29"
"2025","52903","KBO-52903","NC 다이노스","조민석","P","NC","1","https://www.koreabaseball.com/Record/Player/PitcherDetail/Total.aspx?playerId=52903","6.92","6","0","0","0","1","0","0","0.000","61","13","12","3","11","2","4","10","10","39","13.000","1.77"
"2025","52992","KBO-52992","NC 다이노스","이준혁","P","NC","1","https://www.koreabaseball.com/Record/Player/PitcherDetail/Total.aspx?playerId=52992","7.30","25","0","0","1","3","0","0","0.250","170","37","43","8","20","6","30","33","30","111","37.000","1.70"
"2025","52995","KBO-52995","NC 다이노스","김녹원","P","NC","1","https://www.koreabaseball.com/Record/Player/PitcherDetail/Total.aspx?playerId=52995","6.56","21","0","0","3","4","0","1","0.429","327","70","75","10","47","3","37","53","51","210","70.000","1.74"
"2025","53006","KBO-53006","KT 위즈","강건","P","KT","1","https://www.koreabaseball.com/Record/Player/PitcherDetail/Total.aspx?playerId=53006","24.55","2","0","0","0","1","0","0","0.000","26","3 2/3","7","1","7","1","1","10","10","11","3.667","3.82"
"2025","53102","KBO-53102","LG 트윈스","허용주","P","","0","https://www.koreabaseball.com/Record/Player/PitcherDetail/Total.aspx?playerId=53102","","","","","","","","","","","","","","","","","","","","",""
"2025","53139","KBO-53139","LG 트윈스","박명근","P","LG","1","https://www.koreabaseball.com/Record/Player/PitcherDetail/Total.aspx?playerId=53139","4.89","44","0","0","3","4","4","10","0.429","168","38 2/3","36","5","16","5","30","21","21","116","38.667","1.34"
"2025","53164","KBO-53164","키움 히어로즈","김동규","P","키움","1","https://www.koreabaseball.com/Record/Player/PitcherDetail/Total.aspx?playerId=53164","6.75","9","0","0","0","0","0","0","-","49","8","13","2","11","0","10","11","6","24","8.000","3.00"
"2025","53259","KBO-53259","두산 베어스","최준호","P","두산","1","https://www.koreabaseball.com/Record/Player/PitcherDetail/Total.aspx?playerId=53259","8.44","9","0","0","1","2","0","0","0.333","74","16","18","4","9","2","11","15","15","48","16.000","1.69"
"2025","53262","KBO-53262","두산 베어스","김유성","P","두산","1","https://www.koreabaseball.com/Record/Player/PitcherDetail/Total.aspx?playerId=53262","8.83","7","0","0","0","2","0","0","0.000","85","17 1/3","17","3","14","4","22","17","17","52","17.333","1.79"
"2025","53301","KBO-53301","키움 히어로즈","박윤성","P","키움","1","https://www.koreabaseball.com/Record/Player/PitcherDetail/Total.aspx?playerId=53301","4.53","54","0","0","0","5","1","6","0.000","226","51 2/3","55","9","19","1","40","31","26","155","51.667","1.43"
"2025","53375","KBO-53375","삼성 라이온즈","후라도","P","삼성","1","https://www.koreabaseball.com/Record/Player/PitcherDetail/Total.aspx?playerId=53375","2.60","30","3","2","15","8","0","0","0.652","786","197 1/3","177","17","36","4","142","65","57","592","197.333","1.08"
"2025","53455","KBO-53455","삼성 라이온즈","이호성","P","삼성","1","https://www.koreabaseball.com/Record/Player/PitcherDetail/Total.aspx?playerId=53455","6.34","58","0","0","7","4","9","3","0.636","252","55 1/3","54","7","29","2","69","44","39","166","55.333","1.50"
"2025","53609","KBO-53609","KIA 타이거즈","곽도규","P","KIA","1","https://www.koreabaseball.com/Record/Player/PitcherDetail/Total.aspx?playerId=53609","13.50","9","0","0","0","0","0","3","-","22","4","3","0","6","2","5","6","6","12","4.000","2.25"
"2025","53613","KBO-53613","KIA 타이거즈","윤영철","P","KIA","1","https://www.koreabaseball.com/Record/Player/PitcherDetail/Total.aspx?playerId=53613","5.58","13","0","0","2","7","0","0","0.222","227","50","52","4","30","1","43","37","31","150","50.000","1.64"
"2025","53615","KBO-53615","KIA 타이거즈","이도현","P","KIA","1","https://www.koreabaseball.com/Record/Player/PitcherDetail/Total.aspx?playerId=53615","6.92","6","0","0","1","1","0","0","0.500","65","13","17","1","8","1","9","11","10","39","13.000","1.92"
"2025","53754","KBO-53754","한화 이글스","김서현","P","한화","1","https://www.koreabaseball.com/Record/Player/PitcherDetail/Total.aspx?playerId=53754","3.14","69","0","0","2","4","33","2","0.333","280","66","52","4","31","8","71","23","23","198","66.000","1.26"
"2025","53892","KBO-53892","SSG 랜더스","이로운","P","SSG","1","https://www.koreabaseball.com/Record/Player/PitcherDetail/Total.aspx?playerId=53892","1.99","75","0","0","6","5","1","33","0.545","305","77","56","7","26","0","66","19","17","231","77.000","1.06"
"2025","53898","KBO-53898","SSG 랜더스","송영진","P","SSG","1","https://www.koreabaseball.com/Record/Player/PitcherDetail/Total.aspx?playerId=53898","5.83","21","0","0","2","5","0","0","0.286","288","63 1/3","77","10","31","3","40","45","41","190","63.333","1.71"
"2025","53919","KBO-53919","NC 다이노스","신영우","P","NC","1","https://www.koreabaseball.com/Record/Player/PitcherDetail/Total.aspx?playerId=53919","7.53","8","0","0","1","3","0","0","0.250","68","14 1/3","8","2","16","3","19","13","12","43","14.333","1.67"
"2025","53973","KBO-53973","NC 다이노스","목지훈","P","NC","1","https://www.koreabaseball.com/Record/Player/PitcherDetail/Total.aspx?playerId=53973","6.05","16","0","0","3","5","0","0","0.375","280","58","68","6","42","5","45","42","39","174","58.000","1.90"
"2025","54014","KBO-54014","KT 위즈","이현민","P","","0","https://www.koreabaseball.com/Record/Player/PitcherDetail/Total.aspx?playerId=54014","","","","","","","","","","","","","","","","","","","","",""
"2025","54063","KBO-54063","KT 위즈","원상현","P","KT","1","https://www.koreabaseball.com/Record/Player/PitcherDetail/Total.aspx?playerId=54063","5.21","52","0","0","0","3","0","14","0.000","259","57","56","8","35","1","45","35","33","171","57.000","1.60"
"2025","54148","KBO-54148","LG 트윈스","진우영","P","","0","https://www.koreabaseball.com/Record/Player/PitcherDetail/Total.aspx?playerId=54148","","","","","","","","","","","","","","","","","","","","",""
"2025","54213","KBO-54213","두산 베어스","박지호","P","","0","https://www.koreabaseball.com/Record/Player/PitcherDetail/Total.aspx?playerId=54213","","","","","","","","","","","","","","","","","","","","",""
"2025","54263","KBO-54263","두산 베어스","김택연","P","두산","1","https://www.koreabaseball.com/Record/Player/PitcherDetail/Total.aspx?playerId=54263","3.53","64","0","0","4","5","24","0","0.444","281","66 1/3","47","6","31","5","79","31","26","199","66.333","1.18"
"2025","54319","KBO-54319","키움 히어로즈","김윤하","P","키움","1","https://www.koreabaseball.com/Record/Player/PitcherDetail/Total.aspx?playerId=54319","6.14","19","0","0","0","12","0","0","0.000","422","88","113","16","44","3","52","76","60","264","88.000","1.78"
"2025","54354","KBO-54354","KT 위즈","헤이수스","P","KT","1","https://www.koreabaseball.com/Record/Player/PitcherDetail/Total.aspx?playerId=54354","3.96","32","0","0","9","9","0","1","0.500","712","163 2/3","173","17","44","8","165","85","72","491","163.667","1.33"
"2025","54362","KBO-54362","키움 히어로즈","전준표","P","키움","1","https://www.koreabaseball.com/Record/Player/PitcherDetail/Total.aspx?playerId=54362","8.85","21","0","0","2","2","0","1","0.500","114","20 1/3","33","2","19","3","15","22","20","61","20.333","2.56"
"2025","54363","KBO-54363","키움 히어로즈","손현기","P","키움","1","https://www.koreabaseball.com/Record/Player/PitcherDetail/Total.aspx?playerId=54363","15.00","2","0","0","0","0","0","0","-","18","3","4","1","6","1","1","5","5","9","3.000","3.33"
"2025","54368","KBO-54368","키움 히어로즈","김연주","P","키움","1","https://www.koreabaseball.com/Record/Player/PitcherDetail/Total.aspx?playerId=54368","6.62","20","0","0","1","3","0","0","0.250","250","51 2/3","67","10","25","6","28","40","38","155","51.667","1.78"
"2025","54401","KBO-54401","삼성 라이온즈","김대호","P","삼성","1","https://www.koreabaseball.com/Record/Player/PitcherDetail/Total.aspx?playerId=54401","5.14","11","0","0","0","1","0","0","0.000","105","21","25","3","15","1","19","13","12","63","21.000","1.90"
"2025","54404","KBO-54404","삼성 라이온즈","육선엽","P","삼성","1","https://www.koreabaseball.com/Record/Player/PitcherDetail/Total.aspx?playerId=54404","5.34","27","0","0","0","1","0","1","0.000","133","28 2/3","23","4","24","0","19","21","17","86","28.667","1.64"
"2025","54467","KBO-54467","삼성 라이온즈","정민성","P","삼성","1","https://www.koreabaseball.com/Record/Player/PitcherDetail/Total.aspx?playerId=54467","36.00","1","0","0","0","1","0","0","0.000","7","1","3","0","0","2","0","4","4","3","1.000","3.00"
"2025","54503","KBO-54503","롯데 자이언츠","박준우","P","롯데","1","https://www.koreabaseball.com/Record/Player/PitcherDetail/Total.aspx?playerId=54503","8.03","11","0","0","1","2","0","1","0.333","64","12 1/3","21","0","6","1","11","11","11","37","12.333","2.19"
"2025","54537","KBO-54537","롯데 자이언츠","정현수","P","롯데","1","https://www.koreabaseball.com/Record/Player/PitcherDetail/Total.aspx?playerId=54537","3.97","82","0","0","2","0","0","12","1.000","203","47 2/3","34","4","26","2","47","23","21","143","47.667","1.26"
"2025","54610","KBO-54610","KIA 타이거즈","성영탁","P","KIA","1","https://www.koreabaseball.com/Record/Player/PitcherDetail/Total.aspx?playerId=54610","1.55","45","0","0","3","2","0","7","0.600","198","52 1/3","38","2","13","0","30","11","9","157","52.333","0.97"
"2025","54640","KBO-54640","KIA 타이거즈","네일","P","KIA","1","https://www.koreabaseball.com/Record/Player/PitcherDetail/Total.aspx?playerId=54640","2.25","27","0","0","8","4","0","0","0.667","664","164 1/3","135","6","41","15","152","46","41","493","164.333","1.07"
"2025","54645","KBO-54645","KIA 타이거즈","김민주","P","KIA","1","https://www.koreabaseball.com/Record/Player/PitcherDetail/Total.aspx?playerId=54645","12.00","3","0","0","0","0","0","0","-","17","3","4","0","2","2","2","4","4","9","3.000","2.00"
"2025","54702","KBO-54702","한화 이글스","원종혁","P","한화","1","https://www.koreabaseball.com/Record/Player/PitcherDetail/Total.aspx?playerId=54702","16.20","2","0","0","0","0","0","0","-","10","1 2/3","3","1","2","0","1","3","3","5","1.667","3.00"
"2025","54705","KBO-54705","한화 이글스","김도빈","P","","0","https://www.koreabaseball.com/Record/Player/PitcherDetail/Total.aspx?playerId=54705","","","","","","","","","","","","","","","","","","","","",""
"2025","54729","KBO-54729","한화 이글스","황준서","P","한화","1","https://www.koreabaseball.com/Record/Player/PitcherDetail/Total.aspx?playerId=54729","5.30","23","0","0","2","8","0","0","0.200","242","56","54","7","26","2","57","37","33","168","56.000","1.43"
"2025","54755","KBO-54755","한화 이글스","와이스","P","한화","1","https://www.koreabaseball.com/Record/Player/PitcherDetail/Total.aspx?playerId=54755","2.87","30","0","0","16","5","0","0","0.762","725","178 2/3","127","13","56","13","207","63","57","536","178.667","1.02"
"2025","54768","KBO-54768","한화 이글스","조동욱","P","한화","1","https://www.koreabaseball.com/Record/Player/PitcherDetail/Total.aspx?playerId=54768","4.05","68","0","0","3","3","2","5","0.500","283","60","77","4","29","4","43","29","27","180","60.000","1.77"
"2025","54802","KBO-54802","SSG 랜더스","박기호","P","SSG","1","https://www.koreabaseball.com/Record/Player/PitcherDetail/Total.aspx?playerId=54802","3.00","18","0","0","0","0","0","2","-","110","24","23","3","12","8","13","10","8","72","24.000","1.46"
"2025","54803","KBO-54803","SSG 랜더스","최현석","P","SSG","1","https://www.koreabaseball.com/Record/Player/PitcherDetail/Total.aspx?playerId=54803","6.23","13","0","0","0","0","0","0","-","77","17 1/3","21","5","6","2","11","13","12","52","17.333","1.56"
"2025","54807","KBO-54807","SSG 랜더스","박성빈","P","","0","https://www.koreabaseball.com/Record/Player/PitcherDetail/Total.aspx?playerId=54807","","","","","","","","","","","","","","","","","","","","",""
"2025","54833","KBO-54833","SSG 랜더스","앤더슨","P","SSG","1","https://www.koreabaseball.com/Record/Player/PitcherDetail/Total.aspx?playerId=54833","2.25","30","0","0","12","7","0","0","0.632","694","171 2/3","121","13","51","9","245","53","43","515","171.667","1.00"
"2025","54900","KBO-54900","NC 다이노스","임상현","P","NC","1","https://www.koreabaseball.com/Record/Player/PitcherDetail/Total.aspx?playerId=54900","18.00","1","0","0","0","0","0","0","-","8","1","2","0","3","0","0","2","2","3","1.000","5.00"
"2025","54903","KBO-54903","NC 다이노스","최우석","P","NC","1","https://www.koreabaseball.com/Record/Player/PitcherDetail/Total.aspx?playerId=54903","8.16","12","0","0","0","0","0","0","-","75","14 1/3","23","1","9","0","15","16","13","43","14.333","2.23"
"2025","54904","KBO-54904","NC 다이노스","손주환","P","NC","1","https://www.koreabaseball.com/Record/Player/PitcherDetail/Total.aspx?playerId=54904","4.35","52","0","0","6","1","0","7","0.857","224","51 2/3","53","5","19","1","37","29","25","155","51.667","1.39"
"2025","54906","KBO-54906","NC 다이노스","원종해","P","","0","https://www.koreabaseball.com/Record/Player/PitcherDetail/Total.aspx?playerId=54906","","","","","","","","","","","","","","","","","","","","",""
"2025","54913","KBO-54913","NC 다이노스","김민규","P","NC","1","https://www.koreabaseball.com/Record/Player/PitcherDetail/Total.aspx?playerId=54913","7.71","7","0","0","0","0","0","1","-","23","4 2/3","5","0","4","0","2","4","4","14","4.667","1.93"
"2025","55032","KBO-55032","KT 위즈","패트릭","P","KT","1","https://www.koreabaseball.com/Record/Player/PitcherDetail/Total.aspx?playerId=55032","3.12","15","0","0","3","3","0","2","0.500","267","60 2/3","63","2","21","2","45","26","21","182","60.667","1.38"
"2025","55040","KBO-55040","KT 위즈","김동현","P","KT","1","https://www.koreabaseball.com/Record/Player/PitcherDetail/Total.aspx?playerId=55040","13.50","3","0","0","0","0","0","0","-","19","3 1/3","7","2","3","0","4","5","5","10","3.333","3.00"
"2025","55043","KBO-55043","KT 위즈","김재원","P","KT","1","https://www.koreabaseball.com/Record/Player/PitcherDetail/Total.aspx?playerId=55043","10.38","4","0","0","0","0","0","0","-","24","4 1/3","3","0","8","1","4","5","5","13","4.333","2.54"
"2025","55046","KBO-55046","KT 위즈","박건우","P","KT","1","https://www.koreabaseball.com/Record/Player/PitcherDetail/Total.aspx?playerId=55046","2.70","6","0","0","0","0","0","0","-","28","6 2/3","4","1","4","0","9","2","2","20","6.667","1.20"
"2025","55121","KBO-55121","LG 트윈스","박시원","P","LG","1","https://www.koreabaseball.com/Record/Player/PitcherDetail/Total.aspx?playerId=55121","13.50","2","0","0","0","0","0","0","-","9","1 1/3","0","0","5","0","0","2","2","4","1.333","3.75"
"2025","55122","KBO-55122","LG 트윈스","김종운","P","LG","1","https://www.koreabaseball.com/Record/Player/PitcherDetail/Total.aspx?playerId=55122","5.40","2","0","0","0","0","0","0","-","7","1 2/3","2","2","0","0","2","3","1","5","1.667","1.20"
"2025","55130","KBO-55130","LG 트윈스","톨허스트","P","LG","1","https://www.koreabaseball.com/Record/Player/PitcherDetail/Total.aspx?playerId=55130","2.86","8","0","0","6","2","0","0","0.750","184","44","39","2","16","2","45","15","14","132","44.000","1.25"
"2025","55146","KBO-55146","LG 트윈스","치리노스","P","LG","1","https://www.koreabaseball.com/Record/Player/PitcherDetail/Total.aspx?playerId=55146","3.31","30","0","0","13","6","0","0","0.684","737","177","173","5","36","9","137","71","65","531","177.000","1.18"
"2025","55163","KBO-55163","LG 트윈스","추세현","P","","0","https://www.koreabaseball.com/Record/Player/PitcherDetail/Total.aspx?playerId=55163","","","","","","","","","","","","","","","","","","","","",""
"2025","55167","KBO-55167","LG 트윈스","김영우","P","LG","1","https://www.koreabaseball.com/Record/Player/PitcherDetail/Total.aspx?playerId=55167","2.40","66","0","0","3","2","1","7","0.600","255","60","49","2","30","3","56","17","16","180","60.000","1.32"
"2025","55215","KBO-55215","두산 베어스","양재훈","P","두산","1","https://www.koreabaseball.com/Record/Player/PitcherDetail/Total.aspx?playerId=55215","4.24","19","0","0","0","0","1","0","-","93","23 1/3","19","3","8","0","19","11","11","70","23.333","1.16"
"2025","55221","KBO-55221","두산 베어스","김한중","P","두산","1","https://www.koreabaseball.com/Record/Player/PitcherDetail/Total.aspx?playerId=55221","0.00","2","0","0","0","0","0","0","-","8","2","1","0","0","0","0","1","0","6","2.000","0.50"
"2025","55239","KBO-55239","두산 베어스","잭로그","P","두산","1","https://www.koreabaseball.com/Record/Player/PitcherDetail/Total.aspx?playerId=55239","2.81","30","0","0","10","8","0","1","0.556","722","176","146","8","39","17","156","66","55","528","176.000","1.05"
"2025","55257","KBO-55257","두산 베어스","콜어빈","P","두산","1","https://www.koreabaseball.com/Record/Player/PitcherDetail/Total.aspx?playerId=55257","4.48","28","0","0","8","12","0","0","0.400","649","144 2/3","142","9","79","18","128","80","72","434","144.667","1.53"
"2025","55258","KBO-55258","두산 베어스","황희천","P","","0","https://www.koreabaseball.com/Record/Player/PitcherDetail/Total.aspx?playerId=55258","","","","","","","","","","","","","","","","","","","","",""
"2025","55267","KBO-55267","두산 베어스","홍민규","P","두산","1","https://www.koreabaseball.com/Record/Player/PitcherDetail/Total.aspx?playerId=55267","4.59","20","0","0","2","1","1","0","0.667","151","33 1/3","37","4","15","1","17","19","17","100","33.333","1.56"
"2025","55268","KBO-55268","두산 베어스","최민석","P","두산","1","https://www.koreabaseball.com/Record/Player/PitcherDetail/Total.aspx?playerId=55268","4.40","17","0","0","3","3","0","0","0.500","333","77 2/3","72","7","34","5","53","41","38","233","77.667","1.36"
"2025","55300","KBO-55300","키움 히어로즈","손힘찬","P","키움","1","https://www.koreabaseball.com/Record/Player/PitcherDetail/Total.aspx?playerId=55300","11.25","4","0","0","0","0","0","0","-","22","4","5","0","4","1","4","5","5","12","4.000","2.25"
"2025","55301","KBO-55301","키움 히어로즈","이준우","P","키움","1","https://www.koreabaseball.com/Record/Player/PitcherDetail/Total.aspx?playerId=55301","8.61","31","0","0","1","4","0","3","0.200","118","23","37","6","12","1","22","23","22","69","23.000","2.13"
"2025","55313","KBO-55313","키움 히어로즈","정현우","P","키움","1","https://www.koreabaseball.com/Record/Player/PitcherDetail/Total.aspx?playerId=55313","5.86","18","0","0","3","7","0","0","0.300","384","81 1/3","92","8","48","6","55","63","53","244","81.333","1.72"
"2025","55342","KBO-55342","키움 히어로즈","메르세데스","P","키움","1","https://www.koreabaseball.com/Record/Player/PitcherDetail/Total.aspx?playerId=55342","4.47","8","0","0","3","3","0","0","0.500","197","46 1/3","54","5","9","0","41","24","23","139","46.333","1.36"
"2025","55359","KBO-55359","키움 히어로즈","김서준","P","키움","1","https://www.koreabaseball.com/Record/Player/PitcherDetail/Total.aspx?playerId=55359","20.25","4","0","0","0","0","0","0","-","34","5 1/3","14","2","5","0","4","12","12","16","5.333","3.56"
"2025","55377","KBO-55377","키움 히어로즈","정세영","P","키움","1","https://www.koreabaseball.com/Record/Player/PitcherDetail/Total.aspx?playerId=55377","16.88","4","0","0","0","1","0","0","0.000","22","2 2/3","9","0","4","0","2","6","5","8","2.667","4.88"
"2025","55382","KBO-55382","키움 히어로즈","임진묵","P","키움","1","https://www.koreabaseball.com/Record/Player/PitcherDetail/Total.aspx?playerId=55382","24.55","4","0","0","0","0","0","0","-","28","3 2/3","10","0","5","1","3","11","10","11","3.667","4.09"
"2025","55394","KBO-55394","키움 히어로즈","박정훈","P","키움","1","https://www.koreabaseball.com/Record/Player/PitcherDetail/Total.aspx?playerId=55394","7.43","16","0","0","0","1","1","0","0.000","116","23","24","1","20","4","7","24","19","69","23.000","1.91"
"2025","55396","KBO-55396","키움 히어로즈","윤현","P","키움","1","https://www.koreabaseball.com/Record/Player/PitcherDetail/Total.aspx?playerId=55396","8.59","17","0","0","2","1","0","0","0.667","125","22","31","2","23","5","15","28","21","66","22.000","2.45"
"2025","55441","KBO-55441","삼성 라이온즈","권현우","P","","0","https://www.koreabaseball.com/Record/Player/PitcherDetail/Total.aspx?playerId=55441","","","","","","","","","","","","","","","","","","","","",""
"2025","55455","KBO-55455","삼성 라이온즈","배찬승","P","삼성","1","https://www.koreabaseball.com/Record/Player/PitcherDetail/Total.aspx?playerId=55455","3.91","65","0","0","2","3","0","19","0.400","233","50 2/3","50","3","34","2","57","25","22","152","50.667","1.66"
"2025","55460","KBO-55460","삼성 라이온즈","가라비토","P","삼성","1","https://www.koreabaseball.com/Record/Player/PitcherDetail/Total.aspx?playerId=55460","2.64","15","0","0","4","4","0","0","0.500","327","78 1/3","56","6","37","6","84","31","23","235","78.333","1.19"
"2025","55503","KBO-55503","롯데 자이언츠","이영재","P","롯데","1","https://www.koreabaseball.com/Record/Player/PitcherDetail/Total.aspx?playerId=55503","9.00","3","0","0","0","0","0","0","-","11","2","5","1","0","1","2","2","2","6","2.000","2.50"
"2025","55526","KBO-55526","롯데 자이언츠","벨라스케즈","P","롯데","1","https://www.koreabaseball.com/Record/Player/PitcherDetail/Total.aspx?playerId=55526","8.23","11","0","0","1","4","0","0","0.200","168","35","47","7","18","3","28","32","32","105","35.000","1.86"
"2025","55532","KBO-55532","롯데 자이언츠","감보아","P","롯데","1","https://www.koreabaseball.com/Record/Player/PitcherDetail/Total.aspx?playerId=55532","3.58","19","0","0","7","8","0","0","0.467","475","108","97","6","49","4","117","54","43","324","108.000","1.35"
"2025","55566","KBO-55566","롯데 자이언츠","김태현","P","롯데","1","https://www.koreabaseball.com/Record/Player/PitcherDetail/Total.aspx?playerId=55566","4.50","1","0","0","0","0","0","0","-","12","2","1","0","4","0","2","2","1","6","2.000","2.50"
"2025","55568","KBO-55568","롯데 자이언츠","박세현","P","롯데","1","https://www.koreabaseball.com/Record/Player/PitcherDetail/Total.aspx?playerId=55568","14.73","3","0","0","0","0","0","0","-","21","3 2/3","8","1","1","1","4","6","6","11","3.667","2.45"
"2025","55610","KBO-55610","KIA 타이거즈","김태형","P","KIA","1","https://www.koreabaseball.com/Record/Player/PitcherDetail/Total.aspx?playerId=55610","4.56","8","0","0","0","3","0","0","0.000","107","23 2/3","25","4","7","5","14","12","12","71","23.667","1.35"
"2025","55632","KBO-55632","KIA 타이거즈","이성원","P","KIA","1","https://www.koreabaseball.com/Record/Player/PitcherDetail/Total.aspx?playerId=55632","16.88","4","0","0","0","0","0","0","-","19","2 2/3","3","0","4","3","3","7","5","8","2.667","2.63"
"2025","55633","KBO-55633","KIA 타이거즈","올러","P","KIA","1","https://www.koreabaseball.com/Record/Player/PitcherDetail/Total.aspx?playerId=55633","3.62","26","1","0","11","7","0","0","0.611","620","149","125","8","47","8","169","64","60","447","149.000","1.15"
"2025","55646","KBO-55646","KIA 타이거즈","김정엽","P","KIA","1","https://www.koreabaseball.com/Record/Player/PitcherDetail/Total.aspx?playerId=55646","18.00","2","0","0","0","0","0","0","-","5","1","0","0","1","1","0","2","2","3","1.000","1.00"
"2025","55659","KBO-55659","KIA 타이거즈","양수호","P","","0","https://www.koreabaseball.com/Record/Player/PitcherDetail/Total.aspx?playerId=55659","","","","","","","","","","","","","","","","","","","","",""
"2025","55663","KBO-55663","KIA 타이거즈","이호민","P","KIA","1","https://www.koreabaseball.com/Record/Player/PitcherDetail/Total.aspx?playerId=55663","8.59","13","0","0","1","0","0","0","1.000","72","14 2/3","21","0","9","2","7","14","14","44","14.667","2.05"
"2025","55730","KBO-55730","한화 이글스","폰세","P","한화","1","https://www.koreabaseball.com/Record/Player/PitcherDetail/Total.aspx?playerId=55730","1.89","29","0","0","17","1","0","0","0.944","697","180 2/3","128","10","41","6","252","41","38","542","180.667","0.94"
"2025","55743","KBO-55743","한화 이글스","정우주","P","한화","1","https://www.koreabaseball.com/Record/Player/PitcherDetail/Total.aspx?playerId=55743","2.85","51","0","0","3","0","0","3","1.000","228","53 2/3","34","6","21","10","82","18","17","161","53.667","1.02"
"2025","55764","KBO-55764","한화 이글스","권민규","P","한화","1","https://www.koreabaseball.com/Record/Player/PitcherDetail/Total.aspx?playerId=55764","8.44","5","0","0","0","0","0","0","-","28","5 1/3","5","1","7","0","4","5","5","16","5.333","2.25"
"2025","55855","KBO-55855","SSG 랜더스","화이트","P","SSG","1","https://www.koreabaseball.com/Record/Player/PitcherDetail/Total.aspx?playerId=55855","2.87","24","1","0","11","4","0","0","0.733","562","134 2/3","111","9","44","8","137","51","43","404","134.667","1.15"
"2025","55860","KBO-55860","SSG 랜더스","신지환","P","SSG","1","https://www.koreabaseball.com/Record/Player/PitcherDetail/Total.aspx?playerId=55860","0.00","1","0","0","0","0","0","0","-","4","1","0","0","0","1","1","0","0","3","1.000","0.00"
"2025","55890","KBO-55890","SSG 랜더스","천범석","P","","0","https://www.koreabaseball.com/Record/Player/PitcherDetail/Total.aspx?playerId=55890","","","","","","","","","","","","","","","","","","","","",""
"2025","55903","KBO-55903","NC 다이노스","라일리","P","NC","1","https://www.koreabaseball.com/Record/Player/PitcherDetail/Total.aspx?playerId=55903","3.45","30","0","0","17","7","0","0","0.708","709","172","136","18","56","3","216","76","66","516","172.000","1.12"
"2025","55912","KBO-55912","NC 다이노스","로건","P","NC","1","https://www.koreabaseball.com/Record/Player/PitcherDetail/Total.aspx?playerId=55912","4.53","32","0","0","7","12","0","0","0.368","770","173","180","18","67","10","149","98","87","519","173.000","1.43"
"2025","55995","KBO-55995","NC 다이노스","김태훈","P","NC","1","https://www.koreabaseball.com/Record/Player/PitcherDetail/Total.aspx?playerId=55995","5.21","18","0","0","0","0","0","0","-","94","19","17","4","16","1","9","15","11","57","19.000","1.74"
"2025","55996","KBO-55996","NC 다이노스","홍재문","P","","0","https://www.koreabaseball.com/Record/Player/PitcherDetail/Total.aspx?playerId=55996","","","","","","","","","","","","","","","","","","","","",""
"2025","55997","KBO-55997","NC 다이노스","이세민","P","","0","https://www.koreabaseball.com/Record/Player/PitcherDetail/Total.aspx?playerId=55997","","","","","","","","","","","","","","","","","","","","",""
"2025","60146","KBO-60146","삼성 라이온즈","이승현","P","삼성","1","https://www.koreabaseball.com/Record/Player/PitcherDetail/Total.aspx?playerId=60146","6.31","42","0","0","2","1","0","11","0.667","161","35 2/3","43","9","11","1","29","26","25","107","35.667","1.51"
"2025","60263","KBO-60263","NC 다이노스","이재학","P","","0","https://www.koreabaseball.com/Record/Player/PitcherDetail/Total.aspx?playerId=60263","","","","","","","","","","","","","","","","","","","","",""
"2025","60337","KBO-60337","KIA 타이거즈","김대유","P","KIA","1","https://www.koreabaseball.com/Record/Player/PitcherDetail/Total.aspx?playerId=60337","9.72","15","0","0","0","1","0","1","0.000","42","8 1/3","12","1","4","0","3","9","9","25","8.333","1.92"
"2025","60559","KBO-60559","롯데 자이언츠","박시영","P","롯데","1","https://www.koreabaseball.com/Record/Player/PitcherDetail/Total.aspx?playerId=60559","11.05","11","0","0","1","0","0","0","1.000","42","7 1/3","9","0","9","2","10","9","9","22","7.333","2.45"
"2025","60768","KBO-60768","한화 이글스","이태양","P","한화","1","https://www.koreabaseball.com/Record/Player/PitcherDetail/Total.aspx?playerId=60768","3.97","14","0","0","0","1","0","0","0.000","51","11 1/3","14","0","5","1","8","5","5","34","11.333","1.68"
"2025","60841","KBO-60841","SSG 랜더스","박종훈","P","SSG","1","https://www.koreabaseball.com/Record/Player/PitcherDetail/Total.aspx?playerId=60841","7.11","5","0","0","0","2","0","0","0.000","90","19","15","4","18","5","10","17","15","57","19.000","1.74"
"2025","61101","KBO-61101","LG 트윈스","임찬규","P","LG","1","https://www.koreabaseball.com/Record/Player/PitcherDetail/Total.aspx?playerId=61101","3.03","27","1","1","11","7","0","0","0.611","670","160 1/3","163","9","40","6","107","61","54","481","160.333","1.27"
"2025","61145","KBO-61145","LG 트윈스","이우찬","P","LG","1","https://www.koreabaseball.com/Record/Player/PitcherDetail/Total.aspx?playerId=61145","1.89","23","0","0","0","1","0","0","0.000","86","19","13","0","14","1","20","6","4","57","19.000","1.42"
"2025","61268","KBO-61268","삼성 라이온즈","양현","P","삼성","1","https://www.koreabaseball.com/Record/Player/PitcherDetail/Total.aspx?playerId=61268","0.00","4","0","0","0","0","0","0","-","15","3 1/3","2","0","3","0","1","0","0","10","3.333","1.50"
"2025","61365","KBO-61365","삼성 라이온즈","김대우","P","삼성","1","https://www.koreabaseball.com/Record/Player/PitcherDetail/Total.aspx?playerId=61365","0.00","2","0","0","0","0","0","1","-","3","2/3","1","0","0","0","0","0","0","2","0.667","1.50"
"2025","61411","KBO-61411","LG 트윈스","심창민","P","","0","https://www.koreabaseball.com/Record/Player/PitcherDetail/Total.aspx?playerId=61411","","","","","","","","","","","","","","","","","","","","",""
"2025","61643","KBO-61643","두산 베어스","홍건희","P","두산","1","https://www.koreabaseball.com/Record/Player/PitcherDetail/Total.aspx?playerId=61643","6.19","20","0","0","2","1","0","0","0.667","83","16","18","2","15","0","15","13","11","48","16.000","2.06"
"2025","61666","KBO-61666","한화 이글스","한승혁","P","한화","1","https://www.koreabaseball.com/Record/Player/PitcherDetail/Total.aspx?playerId=61666","2.25","71","0","0","3","3","3","16","0.500","269","64","56","4","23","7","53","18","16","192","64.000","1.23"
"2025","61895","KBO-61895","SSG 랜더스","서진용","P","SSG","1","https://www.koreabaseball.com/Record/Player/PitcherDetail/Total.aspx?playerId=61895","6.75","2","0","0","0","0","0","0","-","7","1 1/3","1","0","3","0","0","1","1","4","1.333","3.00"
"2025","62146","KBO-62146","삼성 라이온즈","최성훈","P","삼성","1","https://www.koreabaseball.com/Record/Player/PitcherDetail/Total.aspx?playerId=62146","9.00","2","0","0","0","0","0","0","-","5","1","1","0","1","0","1","1","1","3","1.000","2.00"
"2025","62360","KBO-62360","삼성 라이온즈","김태훈","P","삼성","1","https://www.koreabaseball.com/Record/Player/PitcherDetail/Total.aspx?playerId=62360","4.48","73","0","0","2","6","2","19","0.250","287","66 1/3","66","8","26","2","74","34","33","199","66.333","1.39"
"2025","62363","KBO-62363","롯데 자이언츠","한현희","P","롯데","1","https://www.koreabaseball.com/Record/Player/PitcherDetail/Total.aspx?playerId=62363","6.23","3","0","0","0","0","0","1","-","41","8 2/3","13","2","2","1","8","6","6","26","8.667","1.73"
"2025","62528","KBO-62528","롯데 자이언츠","김원중","P","롯데","1","https://www.koreabaseball.com/Record/Player/PitcherDetail/Total.aspx?playerId=62528","2.67","53","0","0","4","3","32","0","0.571","272","60 2/3","58","4","33","2","69","21","18","182","60.667","1.50"
"2025","62754","KBO-62754","KIA 타이거즈","임기영","P","KIA","1","https://www.koreabaseball.com/Record/Player/PitcherDetail/Total.aspx?playerId=62754","13.00","10","0","0","1","1","0","0","0.500","52","9","23","2","4","0","5","13","13","27","9.000","3.00"
"2025","62869","KBO-62869","SSG 랜더스","문승원","P","SSG","1","https://www.koreabaseball.com/Record/Player/PitcherDetail/Total.aspx?playerId=62869","5.13","23","0","0","4","7","0","0","0.364","452","105 1/3","109","16","38","5","61","61","60","316","105.333","1.40"
"2025","62951","KBO-62951","KIA 타이거즈","이형범","P","KIA","1","https://www.koreabaseball.com/Record/Player/PitcherDetail/Total.aspx?playerId=62951","11.70","12","0","0","0","0","0","0","-","56","10","21","0","5","0","6","16","13","30","10.000","2.60"
"2025","63145","KBO-63145","LG 트윈스","배재준","P","LG","1","https://www.koreabaseball.com/Record/Player/PitcherDetail/Total.aspx?playerId=63145","5.54","14","0","0","0","0","0","1","-","56","13","9","1","7","1","14","8","8","39","13.000","1.23"
"2025","63248","KBO-63248","LG 트윈스","함덕주","P","LG","1","https://www.koreabaseball.com/Record/Player/PitcherDetail/Total.aspx?playerId=63248","6.00","31","0","0","2","3","0","1","0.400","113","27","14","1","18","0","26","19","18","81","27.000","1.19"
"2025","63342","KBO-63342","KIA 타이거즈","조상우","P","KIA","1","https://www.koreabaseball.com/Record/Player/PitcherDetail/Total.aspx?playerId=63342","3.90","72","0","0","6","6","1","28","0.500","271","60","64","5","27","6","55","29","26","180","60.000","1.52"
"2025","63464","KBO-63464","한화 이글스","윤대경","P","","0","https://www.koreabaseball.com/Record/Player/PitcherDetail/Total.aspx?playerId=63464","","","","","","","","","","","","","","","","","","","","",""
"2025","63492","KBO-63492","삼성 라이온즈","이재익","P","삼성","1","https://www.koreabaseball.com/Record/Player/PitcherDetail/Total.aspx?playerId=63492","1.23","7","0","0","1","0","0","0","1.000","31","7 1/3","8","0","2","0","6","1","1","22","7.333","1.36"
"2025","63512","KBO-63512","롯데 자이언츠","박진형","P","롯데","1","https://www.koreabaseball.com/Record/Player/PitcherDetail/Total.aspx?playerId=63512","8.44","7","0","0","0","0","0","0","-","29","5 1/3","9","1","3","0","5","7","5","16","5.333","2.25"
"2025","63543","KBO-63543","롯데 자이언츠","구승민","P","롯데","1","https://www.koreabaseball.com/Record/Player/PitcherDetail/Total.aspx?playerId=63543","7.00","11","0","0","0","1","0","1","0.000","45","9","9","1","7","1","10","10","7","27","9.000","1.78"
"2025","63638","KBO-63638","KIA 타이거즈","박준표","P","","0","https://www.koreabaseball.com/Record/Player/PitcherDetail/Total.aspx?playerId=63638","","","","","","","","","","","","","","","","","","","","",""
"2025","63765","KBO-63765","한화 이글스","김종수","P","한화","1","https://www.koreabaseball.com/Record/Player/PitcherDetail/Total.aspx?playerId=63765","3.25","63","0","0","4","5","0","5","0.444","282","63 2/3","57","5","36","4","59","30","23","191","63.667","1.46"
"2025","63894","KBO-63894","KIA 타이거즈","김사윤","P","","0","https://www.koreabaseball.com/Record/Player/PitcherDetail/Total.aspx?playerId=63894","","","","","","","","","","","","","","","","","","","","",""
"2025","63950","KBO-63950","LG 트윈스","장현식","P","LG","1","https://www.koreabaseball.com/Record/Player/PitcherDetail/Total.aspx?playerId=63950","4.35","56","0","0","3","3","10","5","0.500","234","49 2/3","65","4","21","5","38","27","24","149","49.667","1.73"
"2025","63959","KBO-63959","NC 다이노스","임정호","P","NC","1","https://www.koreabaseball.com/Record/Player/PitcherDetail/Total.aspx?playerId=63959","4.82","31","0","0","1","1","0","4","0.500","88","18 2/3","18","3","9","4","15","13","10","56","18.667","1.45"
"2025","63960","KBO-63960","삼성 라이온즈","이상민","P","삼성","1","https://www.koreabaseball.com/Record/Player/PitcherDetail/Total.aspx?playerId=63960","0.00","1","0","0","0","0","0","0","-","5","1","2","0","0","0","1","0","0","3","1.000","2.00"
"2025","64001","KBO-64001","KT 위즈","고영표","P","KT","1","https://www.koreabaseball.com/Record/Player/PitcherDetail/Total.aspx?playerId=64001","3.30","29","1","1","11","8","0","0","0.579","685","161","170","10","30","15","154","70","59","483","161.000","1.24"
"2025","64017","KBO-64017","롯데 자이언츠","심재민","P","롯데","1","https://www.koreabaseball.com/Record/Player/PitcherDetail/Total.aspx?playerId=64017","3.00","4","0","0","1","0","0","0","1.000","15","3","5","0","1","0","2","2","1","9","3.000","2.00"
"2025","64021","KBO-64021","롯데 자이언츠","박세웅","P","롯데","1","https://www.koreabaseball.com/Record/Player/PitcherDetail/Total.aspx?playerId=64021","4.93","29","0","0","11","13","0","0","0.458","722","160 2/3","183","15","54","8","156","99","88","482","160.667","1.48"
"2025","64350","KBO-64350","키움 히어로즈","하영민","P","키움","1","https://www.koreabaseball.com/Record/Player/PitcherDetail/Total.aspx?playerId=64350","4.99","28","0","0","7","14","0","0","0.333","669","153 1/3","169","13","41","9","134","90","85","460","153.333","1.37"
"2025","64580","KBO-64580","NC 다이노스","김재열","P","NC","1","https://www.koreabaseball.com/Record/Player/PitcherDetail/Total.aspx?playerId=64580","6.23","22","0","0","0","0","0","2","-","111","21 2/3","32","5","16","1","16","16","15","65","21.667","2.22"
"2025","64596","KBO-64596","LG 트윈스","김유영","P","LG","1","https://www.koreabaseball.com/Record/Player/PitcherDetail/Total.aspx?playerId=64596","12.46","6","0","0","0","0","0","0","-","26","4 1/3","8","0","4","1","5","6","6","13","4.333","2.77"
"2025","64768","KBO-64768","KT 위즈","조이현","P","KT","1","https://www.koreabaseball.com/Record/Player/PitcherDetail/Total.aspx?playerId=64768","5.40","3","0","0","1","2","0","0","0.333","50","11 2/3","17","2","0","1","3","7","7","35","11.667","1.46"
"2025","64805","KBO-64805","두산 베어스","이승진","P","","0","https://www.koreabaseball.com/Record/Player/PitcherDetail/Total.aspx?playerId=64805","","","","","","","","","","","","","","","","","","","","",""
"2025","64861","KBO-64861","SSG 랜더스","이건욱","P","","0","https://www.koreabaseball.com/Record/Player/PitcherDetail/Total.aspx?playerId=64861","","","","","","","","","","","","","","","","","","","","",""
"2025","64995","KBO-64995","NC 다이노스","배재환","P","NC","1","https://www.koreabaseball.com/Record/Player/PitcherDetail/Total.aspx?playerId=64995","4.48","70","0","0","2","4","2","24","0.333","271","60 1/3","48","3","37","11","51","36","30","181","60.333","1.41"
"2025","65048","KBO-65048","KT 위즈","김민수","P","KT","1","https://www.koreabaseball.com/Record/Player/PitcherDetail/Total.aspx?playerId=65048","4.96","58","0","0","4","3","0","11","0.571","230","52 2/3","63","5","15","1","36","31","29","158","52.667","1.48"
"2025","65056","KBO-65056","한화 이글스","엄상백","P","한화","1","https://www.koreabaseball.com/Record/Player/PitcherDetail/Total.aspx?playerId=65056","6.58","28","0","0","2","7","0","1","0.222","379","80 2/3","106","13","38","8","74","60","59","242","80.667","1.79"
"2025","65060","KBO-65060","KT 위즈","주권","P","KT","1","https://www.koreabaseball.com/Record/Player/PitcherDetail/Total.aspx?playerId=65060","4.43","34","0","0","0","1","0","0","0.000","176","40 2/3","48","3","13","0","19","23","20","122","40.667","1.50"
"2025","65062","KBO-65062","삼성 라이온즈","김재윤","P","삼성","1","https://www.koreabaseball.com/Record/Player/PitcherDetail/Total.aspx?playerId=65062","4.99","63","0","0","4","7","13","3","0.364","242","57 2/3","57","10","13","1","43","34","32","173","57.667","1.21"
"2025","65109","KBO-65109","LG 트윈스","백승현","P","LG","1","https://www.koreabaseball.com/Record/Player/PitcherDetail/Total.aspx?playerId=65109","3.90","33","0","0","1","0","0","2","1.000","146","30","28","2","28","1","27","13","13","90","30.000","1.87"
"2025","65117","KBO-65117","한화 이글스","이상규","P","한화","1","https://www.koreabaseball.com/Record/Player/PitcherDetail/Total.aspx?playerId=65117","8.00","5","0","0","0","1","0","0","0.000","47","9","16","0","4","0","5","9","8","27","9.000","2.22"
"2025","65320","KBO-65320","삼성 라이온즈","최원태","P","삼성","1","https://www.koreabaseball.com/Record/Player/PitcherDetail/Total.aspx?playerId=65320","4.92","27","0","0","8","7","0","0","0.533","552","124 1/3","128","13","51","12","109","72","68","373","124.333","1.44"
"2025","65343","KBO-65343","SSG 랜더스","김택형","P","SSG","1","https://www.koreabaseball.com/Record/Player/PitcherDetail/Total.aspx?playerId=65343","2.78","25","0","0","0","0","0","1","-","95","22 2/3","19","0","10","3","14","7","7","68","22.667","1.28"
"2025","65411","KBO-65411","LG 트윈스","김주온","P","LG","1","https://www.koreabaseball.com/Record/Player/PitcherDetail/Total.aspx?playerId=65411","27.00","1","0","0","0","1","0","0","0.000","5","1/3","0","0","2","2","1","1","1","1","0.333","6.00"
"2025","65516","KBO-65516","KT 위즈","배제성","P","KT","1","https://www.koreabaseball.com/Record/Player/PitcherDetail/Total.aspx?playerId=65516","5.67","8","0","0","2","3","0","0","0.400","127","27","38","2","11","0","23","17","17","81","27.000","1.81"
"2025","65522","KBO-65522","롯데 자이언츠","김강현","P","롯데","1","https://www.koreabaseball.com/Record/Player/PitcherDetail/Total.aspx?playerId=65522","4.00","67","0","0","2","2","0","4","0.500","306","72","69","9","21","7","36","37","32","216","72.000","1.25"
"2025","65616","KBO-65616","한화 이글스","이민우","P","","0","https://www.koreabaseball.com/Record/Player/PitcherDetail/Total.aspx?playerId=65616","","","","","","","","","","","","","","","","","","","","",""
"2025","65639","KBO-65639","두산 베어스","박정수","P","두산","1","https://www.koreabaseball.com/Record/Player/PitcherDetail/Total.aspx?playerId=65639","4.10","29","0","0","1","0","0","3","1.000","119","26 1/3","31","1","8","4","15","13","12","79","26.333","1.48"
"2025","65665","KBO-65665","KIA 타이거즈","이준영","P","KIA","1","https://www.koreabaseball.com/Record/Player/PitcherDetail/Total.aspx?playerId=65665","4.76","57","0","0","3","1","0","7","0.750","145","34","36","6","11","1","34","18","18","102","34.000","1.38"
"2025","65707","KBO-65707","한화 이글스","주현상","P","한화","1","https://www.koreabaseball.com/Record/Player/PitcherDetail/Total.aspx?playerId=65707","5.18","48","0","0","5","2","1","3","0.714","193","41 2/3","59","8","10","3","37","25","24","125","41.667","1.66"
"2025","65764","KBO-65764","한화 이글스","김민우","P","","0","https://www.koreabaseball.com/Record/Player/PitcherDetail/Total.aspx?playerId=65764","","","","","","","","","","","","","","","","","","","","",""
"2025","65769","KBO-65769","한화 이글스","김범수","P","한화","1","https://www.koreabaseball.com/Record/Player/PitcherDetail/Total.aspx?playerId=65769","2.25","73","0","0","2","1","2","6","0.667","195","48","30","0","22","4","41","17","12","144","48.000","1.08"
"2025","65933","KBO-65933","NC 다이노스","구창모","P","NC","1","https://www.koreabaseball.com/Record/Player/PitcherDetail/Total.aspx?playerId=65933","2.51","4","0","0","1","0","0","0","1.000","59","14 1/3","14","1","3","0","18","4","4","43","14.333","1.19"
"2025","65949","KBO-65949","NC 다이노스","류진욱","P","NC","1","https://www.koreabaseball.com/Record/Player/PitcherDetail/Total.aspx?playerId=65949","3.27","62","0","0","4","3","29","0","0.571","275","66","50","6","28","6","57","27","24","198","66.000","1.18"
"2025","66018","KBO-66018","키움 히어로즈","김선기","P","키움","1","https://www.koreabaseball.com/Record/Player/PitcherDetail/Total.aspx?playerId=66018","5.65","44","0","0","1","7","0","2","0.125","381","78","96","6","47","11","43","55","49","234","78.000","1.83"
"2025","66047","KBO-66047","롯데 자이언츠","박세진","P","","0","https://www.koreabaseball.com/Record/Player/PitcherDetail/Total.aspx?playerId=66047","","","","","","","","","","","","","","","","","","","","",""
"2025","66068","KBO-66068","NC 다이노스","서의태","P","","0","https://www.koreabaseball.com/Record/Player/PitcherDetail/Total.aspx?playerId=66068","","","","","","","","","","","","","","","","","","","","",""
"2025","66145","KBO-66145","LG 트윈스","김대현","P","","0","https://www.koreabaseball.com/Record/Player/PitcherDetail/Total.aspx?playerId=66145","","","","","","","","","","","","","","","","","","","","",""
"2025","66291","KBO-66291","두산 베어스","이영하","P","두산","1","https://www.koreabaseball.com/Record/Player/PitcherDetail/Total.aspx?playerId=66291","4.05","73","0","0","4","4","0","14","0.500","299","66 2/3","63","4","39","6","72","33","30","200","66.667","1.53"
"2025","66451","KBO-66451","삼성 라이온즈","최충연","P","삼성","1","https://www.koreabaseball.com/Record/Player/PitcherDetail/Total.aspx?playerId=66451","37.80","4","0","0","0","0","0","0","-","15","1 2/3","7","1","2","1","1","8","7","5","1.667","5.40"
"2025","66492","KBO-66492","KIA 타이거즈","김승현","P","","0","https://www.koreabaseball.com/Record/Player/PitcherDetail/Total.aspx?playerId=66492","","","","","","","","","","","","","","","","","","","","",""
"2025","66609","KBO-66609","KIA 타이거즈","전상현","P","KIA","1","https://www.koreabaseball.com/Record/Player/PitcherDetail/Total.aspx?playerId=66609","3.34","74","0","0","7","5","1","25","0.583","290","70","64","4","20","2","50","30","26","210","70.000","1.20"
"2025","66858","KBO-66858","SSG 랜더스","정동윤","P","SSG","1","https://www.koreabaseball.com/Record/Player/PitcherDetail/Total.aspx?playerId=66858","8.31","12","0","0","0","0","0","0","-","82","17 1/3","21","2","12","0","17","16","16","52","17.333","1.90"
"2025","66920","KBO-66920","NC 다이노스","최성영","P","NC","1","https://www.koreabaseball.com/Record/Player/PitcherDetail/Total.aspx?playerId=66920","6.23","35","0","0","2","2","0","4","0.500","228","47 2/3","62","6","28","3","33","33","33","143","47.667","1.89"
"2025","67048","KBO-67048","KT 위즈","이정현","P","KT","1","https://www.koreabaseball.com/Record/Player/PitcherDetail/Total.aspx?playerId=67048","16.62","6","0","0","0","0","0","0","-","27","4 1/3","9","0","4","1","3","8","8","13","4.333","3.00"
"2025","67116","KBO-67116","키움 히어로즈","오석주","P","키움","1","https://www.koreabaseball.com/Record/Player/PitcherDetail/Total.aspx?playerId=67116","3.70","53","0","0","2","1","0","7","0.667","252","58 1/3","52","4","29","7","44","24","24","175","58.333","1.39"
"2025","67143","KBO-67143","LG 트윈스","손주영","P","LG","1","https://www.koreabaseball.com/Record/Player/PitcherDetail/Total.aspx?playerId=67143","3.41","30","0","0","11","6","0","0","0.647","644","153","153","8","49","4","132","67","58","459","153.000","1.32"
"2025","67246","KBO-67246","두산 베어스","김명신","P","두산","1","https://www.koreabaseball.com/Record/Player/PitcherDetail/Total.aspx?playerId=67246","5.40","8","0","0","0","0","0","0","-","43","8 1/3","13","0","3","1","6","8","5","25","8.333","1.92"
"2025","67263","KBO-67263","두산 베어스","최원준","P","두산","1","https://www.koreabaseball.com/Record/Player/PitcherDetail/Total.aspx?playerId=67263","4.71","47","0","0","4","7","0","9","0.364","456","107","105","18","38","4","62","59","56","321","107.000","1.34"
"2025","67266","KBO-67266","두산 베어스","박치국","P","두산","1","https://www.koreabaseball.com/Record/Player/PitcherDetail/Total.aspx?playerId=67266","3.75","73","0","0","4","4","2","16","0.500","271","62 1/3","58","4","21","7","57","35","26","187","62.333","1.27"
"2025","67365","KBO-67365","키움 히어로즈","양지율","P","키움","1","https://www.koreabaseball.com/Record/Player/PitcherDetail/Total.aspx?playerId=67365","8.36","18","0","0","0","2","0","1","0.000","69","14","18","3","7","3","10","13","13","42","14.000","1.79"
"2025","67419","KBO-67419","KT 위즈","문용익","P","KT","1","https://www.koreabaseball.com/Record/Player/PitcherDetail/Total.aspx?playerId=67419","3.14","20","0","0","1","0","0","0","1.000","121","28 2/3","21","3","19","0","31","11","10","86","28.667","1.40"
"2025","67421","KBO-67421","삼성 라이온즈","최지광","P","","0","https://www.koreabaseball.com/Record/Player/PitcherDetail/Total.aspx?playerId=67421","","","","","","","","","","","","","","","","","","","","",""
"2025","67539","KBO-67539","롯데 자이언츠","나균안","P","롯데","1","https://www.koreabaseball.com/Record/Player/PitcherDetail/Total.aspx?playerId=67539","3.87","28","0","0","3","7","0","0","0.300","601","137 1/3","143","13","50","5","116","67","59","412","137.333","1.41"
"2025","67588","KBO-67588","롯데 자이언츠","윤성빈","P","롯데","1","https://www.koreabaseball.com/Record/Player/PitcherDetail/Total.aspx?playerId=67588","7.67","31","0","0","1","2","0","0","0.333","130","27","26","3","20","4","44","23","23","81","27.000","1.70"
"2025","67640","KBO-67640","KIA 타이거즈","유승철","P","KIA","1","https://www.koreabaseball.com/Record/Player/PitcherDetail/Total.aspx?playerId=67640","4.50","1","0","0","0","0","0","0","-","11","2","3","0","2","0","3","1","1","6","2.000","2.50"
"2025","67703","KBO-67703","한화 이글스","박상원","P","한화","1","https://www.koreabaseball.com/Record/Player/PitcherDetail/Total.aspx?playerId=67703","4.19","74","0","0","4","3","0","16","0.571","294","66 2/3","67","4","21","8","52","35","31","200","66.667","1.32"
"2025","67828","KBO-67828","키움 히어로즈","김성민","P","키움","1","https://www.koreabaseball.com/Record/Player/PitcherDetail/Total.aspx?playerId=67828","4.68","29","0","0","0","3","0","1","0.000","113","25","25","1","13","5","18","15","13","75","25.000","1.52"
"2025","67954","KBO-67954","NC 다이노스","김진호","P","NC","1","https://www.koreabaseball.com/Record/Player/PitcherDetail/Total.aspx?playerId=67954","3.36","76","0","0","4","3","6","20","0.571","316","72 1/3","53","5","45","9","70","30","27","217","72.333","1.35"
"2025","67956","KBO-67956","NC 다이노스","김태현","P","NC","1","https://www.koreabaseball.com/Record/Player/PitcherDetail/Total.aspx?playerId=67956","12.00","5","0","0","0","0","0","1","-","17","3","5","2","3","2","2","4","4","9","3.000","2.67"
"2025","67962","KBO-67962","NC 다이노스","소이현","P","NC","1","https://www.koreabaseball.com/Record/Player/PitcherDetail/Total.aspx?playerId=67962","5.63","7","0","0","0","0","0","0","-","36","8","5","0","7","1","3","5","5","24","8.000","1.50"
"2025","68043","KBO-68043","SSG 랜더스","김민","P","SSG","1","https://www.koreabaseball.com/Record/Player/PitcherDetail/Total.aspx?playerId=68043","2.97","70","0","0","5","2","1","22","0.714","266","63 2/3","60","7","17","6","65","23","21","191","63.667","1.21"
"2025","68067","KBO-68067","롯데 자이언츠","신병률","P","","0","https://www.koreabaseball.com/Record/Player/PitcherDetail/Total.aspx?playerId=68067","","","","","","","","","","","","","","","","","","","","",""
"2025","68092","KBO-68092","SSG 랜더스","한두솔","P","SSG","1","https://www.koreabaseball.com/Record/Player/PitcherDetail/Total.aspx?playerId=68092","4.95","44","0","0","2","0","1","3","1.000","169","36 1/3","46","1","19","1","27","22","20","109","36.333","1.79"
"2025","68097","KBO-68097","NC 다이노스","박주현","P","","0","https://www.koreabaseball.com/Record/Player/PitcherDetail/Total.aspx?playerId=68097","","","","","","","","","","","","","","","","","","","","",""
"2025","68130","KBO-68130","LG 트윈스","김영준","P","","0","https://www.koreabaseball.com/Record/Player/PitcherDetail/Total.aspx?playerId=68130","","","","","","","","","","","","","","","","","","","","",""
"2025","68159","KBO-68159","LG 트윈스","성동현","P","LG","1","https://www.koreabaseball.com/Record/Player/PitcherDetail/Total.aspx?playerId=68159","9.00","12","0","0","0","0","0","0","-","45","9","10","2","9","0","6","9","9","27","9.000","2.11"
"2025","68200","KBO-68200","두산 베어스","김민규","P","두산","1","https://www.koreabaseball.com/Record/Player/PitcherDetail/Total.aspx?playerId=68200","4.66","7","0","0","1","1","0","0","0.500","47","9 2/3","9","1","6","4","6","5","5","29","9.667","1.55"
"2025","68220","KBO-68220","두산 베어스","곽빈","P","두산","1","https://www.koreabaseball.com/Record/Player/PitcherDetail/Total.aspx?playerId=68220","4.20","19","0","0","5","7","0","0","0.417","465","109 1/3","96","9","41","2","107","55","51","328","109.333","1.25"
"2025","68242","KBO-68242","롯데 자이언츠","정철원","P","롯데","1","https://www.koreabaseball.com/Record/Player/PitcherDetail/Total.aspx?playerId=68242","4.24","75","0","0","8","3","0","21","0.727","312","70","72","4","28","7","55","34","33","210","70.000","1.43"
"2025","68249","KBO-68249","두산 베어스","박신지","P","두산","1","https://www.koreabaseball.com/Record/Player/PitcherDetail/Total.aspx?playerId=68249","2.85","54","0","0","2","4","0","5","0.333","264","60","55","3","29","5","36","24","19","180","60.000","1.40"
"2025","68260","KBO-68260","롯데 자이언츠","현도훈","P","","0","https://www.koreabaseball.com/Record/Player/PitcherDetail/Total.aspx?playerId=68260","","","","","","","","","","","","","","","","","","","","",""
"2025","68269","KBO-68269","두산 베어스","김호준","P","두산","1","https://www.koreabaseball.com/Record/Player/PitcherDetail/Total.aspx?playerId=68269","6.75","19","0","0","0","1","0","1","0.000","54","10 2/3","14","2","7","0","7","11","8","32","10.667","1.97"
"2025","68341","KBO-68341","키움 히어로즈","안우진","P","","0","https://www.koreabaseball.com/Record/Player/PitcherDetail/Total.aspx?playerId=68341","","","","","","","","","","","","","","","","","","","","",""
"2025","68403","KBO-68403","삼성 라이온즈","김무신","P","","0","https://www.koreabaseball.com/Record/Player/PitcherDetail/Total.aspx?playerId=68403","","","","","","","","","","","","","","","","","","","","",""
"2025","68415","KBO-68415","삼성 라이온즈","양창섭","P","삼성","1","https://www.koreabaseball.com/Record/Player/PitcherDetail/Total.aspx?playerId=68415","3.43","33","0","0","3","3","0","2","0.500","276","63","67","3","19","9","45","29","24","189","63.000","1.37"
"2025","68419","KBO-68419","LG 트윈스","최채흥","P","LG","1","https://www.koreabaseball.com/Record/Player/PitcherDetail/Total.aspx?playerId=68419","5.28","13","0","0","0","1","0","2","0.000","132","29","35","3","14","1","21","17","17","87","29.000","1.69"
"2025","68501","KBO-68501","삼성 라이온즈","최하늘","P","","0","https://www.koreabaseball.com/Record/Player/PitcherDetail/Total.aspx?playerId=68501","","","","","","","","","","","","","","","","","","","","",""
"2025","68556","KBO-68556","롯데 자이언츠","정성종","P","롯데","1","https://www.koreabaseball.com/Record/Player/PitcherDetail/Total.aspx?playerId=68556","3.86","2","0","0","0","0","0","0","-","10","2 1/3","3","1","0","0","0","1","1","7","2.333","1.29"
"2025","68585","KBO-68585","롯데 자이언츠","김도규","P","","0","https://www.koreabaseball.com/Record/Player/PitcherDetail/Total.aspx?playerId=68585","","","","","","","","","","","","","","","","","","","","",""
"2025","68619","KBO-68619","KIA 타이거즈","윤중현","P","KIA","1","https://www.koreabaseball.com/Record/Player/PitcherDetail/Total.aspx?playerId=68619","4.35","13","0","0","1","0","0","0","1.000","48","10 1/3","10","2","7","0","7","5","5","31","10.333","1.65"
"2025","68639","KBO-68639","NC 다이노스","하준영","P","NC","1","https://www.koreabaseball.com/Record/Player/PitcherDetail/Total.aspx?playerId=68639","6.75","10","0","0","1","1","0","1","0.500","33","5 1/3","10","0","7","0","5","4","4","16","5.333","3.19"
"2025","68830","KBO-68830","두산 베어스","김정우","P","두산","1","https://www.koreabaseball.com/Record/Player/PitcherDetail/Total.aspx?playerId=68830","3.86","18","0","0","0","0","1","1","-","103","21","26","1","9","3","13","12","9","63","21.000","1.67"
"2025","68856","KBO-68856","SSG 랜더스","최민준","P","SSG","1","https://www.koreabaseball.com/Record/Player/PitcherDetail/Total.aspx?playerId=68856","3.97","40","0","0","2","2","0","1","0.500","287","65 2/3","72","6","24","3","44","34","29","197","65.667","1.46"
"2025","68896","KBO-68896","KT 위즈","이채호","P","KT","1","https://www.koreabaseball.com/Record/Player/PitcherDetail/Total.aspx?playerId=68896","6.17","10","0","0","0","0","0","0","-","53","11 2/3","12","1","5","2","8","8","8","35","11.667","1.46"
"2025","68900","KBO-68900","NC 다이노스","김영규","P","NC","1","https://www.koreabaseball.com/Record/Player/PitcherDetail/Total.aspx?playerId=68900","2.86","45","0","0","4","3","0","21","0.571","189","44","40","3","18","3","35","17","14","132","44.000","1.32"
"2025","68902","KBO-68902","NC 다이노스","신민혁","P","NC","1","https://www.koreabaseball.com/Record/Player/PitcherDetail/Total.aspx?playerId=68902","4.77","28","1","0","6","3","0","0","0.667","568","132","148","23","26","6","84","76","70","396","132.000","1.32"
"2025","68928","KBO-68928","KIA 타이거즈","김시훈","P","KIA","1","https://www.koreabaseball.com/Record/Player/PitcherDetail/Total.aspx?playerId=68928","8.06","24","0","0","1","0","0","1","1.000","118","25 2/3","33","7","10","0","18","25","23","77","25.667","1.68"
"2025","69041","KBO-69041","KT 위즈","손동현","P","KT","1","https://www.koreabaseball.com/Record/Player/PitcherDetail/Total.aspx?playerId=69041","3.84","58","0","0","5","0","1","13","1.000","257","58 2/3","66","6","12","3","55","30","25","176","58.667","1.33"
"2025","69045","KBO-69045","키움 히어로즈","알칸타라","P","키움","1","https://www.koreabaseball.com/Record/Player/PitcherDetail/Total.aspx?playerId=69045","3.27","19","0","0","8","4","0","0","0.667","492","121","125","11","10","4","92","50","44","363","121.000","1.12"
"2025","69047","KBO-69047","KT 위즈","전용주","P","KT","1","https://www.koreabaseball.com/Record/Player/PitcherDetail/Total.aspx?playerId=69047","3.95","21","0","0","0","1","0","4","0.000","66","13 2/3","18","0","7","0","11","8","6","41","13.667","1.83"
"2025","69054","KBO-69054","KT 위즈","이상동","P","KT","1","https://www.koreabaseball.com/Record/Player/PitcherDetail/Total.aspx?playerId=69054","2.49","41","0","0","3","0","0","5","1.000","168","43 1/3","31","4","9","2","34","12","12","130","43.333","0.92"
"2025","69068","KBO-69068","KT 위즈","이선우","P","","0","https://www.koreabaseball.com/Record/Player/PitcherDetail/Total.aspx?playerId=69068","","","","","","","","","","","","","","","","","","","","",""
"2025","69108","KBO-69108","LG 트윈스","이지강","P","LG","1","https://www.koreabaseball.com/Record/Player/PitcherDetail/Total.aspx?playerId=69108","5.32","43","0","0","1","2","3","4","0.333","211","47 1/3","50","4","24","1","39","29","28","142","47.333","1.56"
"2025","69113","KBO-69113","KT 위즈","임준형","P","KT","1","https://www.koreabaseball.com/Record/Player/PitcherDetail/Total.aspx?playerId=69113","5.19","10","0","0","0","0","0","0","-","42","8 2/3","11","0","7","1","6","7","5","26","8.667","2.08"
"2025","69134","KBO-69134","LG 트윈스","이정용","P","LG","1","https://www.koreabaseball.com/Record/Player/PitcherDetail/Total.aspx?playerId=69134","5.03","39","0","0","6","1","1","7","0.857","139","34","32","3","12","2","26","19","19","102","34.000","1.29"
"2025","69159","KBO-69159","LG 트윈스","정우영","P","LG","1","https://www.koreabaseball.com/Record/Player/PitcherDetail/Total.aspx?playerId=69159","20.25","4","0","0","0","0","0","0","-","13","2 2/3","1","1","4","1","3","6","6","8","2.667","1.88"
"2025","69204","KBO-69204","NC 다이노스","전루건","P","","0","https://www.koreabaseball.com/Record/Player/PitcherDetail/Total.aspx?playerId=69204","","","","","","","","","","","","","","","","","","","","",""
"2025","69205","KBO-69205","두산 베어스","이교훈","P","두산","1","https://www.koreabaseball.com/Record/Player/PitcherDetail/Total.aspx?playerId=69205","1.17","10","0","0","1","0","0","0","1.000","29","7 2/3","4","0","4","1","7","2","1","23","7.667","1.04"
"2025","69213","KBO-69213","한화 이글스","윤산흠","P","한화","1","https://www.koreabaseball.com/Record/Player/PitcherDetail/Total.aspx?playerId=69213","3.78","12","0","0","0","0","0","0","-","73","16 2/3","16","1","5","3","17","7","7","50","16.667","1.26"
"2025","69328","KBO-69328","키움 히어로즈","박주성","P","키움","1","https://www.koreabaseball.com/Record/Player/PitcherDetail/Total.aspx?playerId=69328","6.58","18","0","0","2","3","0","1","0.400","235","52","63","9","16","3","26","40","38","156","52.000","1.52"
"2025","69360","KBO-69360","키움 히어로즈","조영건","P","키움","1","https://www.koreabaseball.com/Record/Player/PitcherDetail/Total.aspx?playerId=69360","5.68","51","0","0","5","5","8","7","0.500","353","77 2/3","84","12","38","4","47","51","49","233","77.667","1.57"
"2025","69367","KBO-69367","키움 히어로즈","김인범","P","","0","https://www.koreabaseball.com/Record/Player/PitcherDetail/Total.aspx?playerId=69367","","","","","","","","","","","","","","","","","","","","",""
"2025","69446","KBO-69446","삼성 라이온즈","원태인","P","삼성","1","https://www.koreabaseball.com/Record/Player/PitcherDetail/Total.aspx?playerId=69446","3.24","27","0","0","12","4","0","0","0.750","671","166 2/3","157","20","27","6","108","66","60","500","166.667","1.10"
"2025","69516","KBO-69516","KIA 타이거즈","김현수","P","KIA","1","https://www.koreabaseball.com/Record/Player/PitcherDetail/Total.aspx?playerId=69516","2.45","18","0","0","0","0","0","0","-","86","18 1/3","17","2","13","1","11","5","5","55","18.333","1.64"
"2025","69594","KBO-69594","롯데 자이언츠","박진","P","롯데","1","https://www.koreabaseball.com/Record/Player/PitcherDetail/Total.aspx?playerId=69594","5.32","51","0","0","3","3","1","3","0.500","302","69 1/3","76","10","22","1","50","42","41","208","69.333","1.41"
"2025","69620","KBO-69620","KIA 타이거즈","김기훈","P","KIA","1","https://www.koreabaseball.com/Record/Player/PitcherDetail/Total.aspx?playerId=69620","3.25","24","0","0","1","1","0","0","0.500","117","27 2/3","25","2","10","1","27","11","10","83","27.667","1.27"
"2025","69623","KBO-69623","KT 위즈","이태규","P","","0","https://www.koreabaseball.com/Record/Player/PitcherDetail/Total.aspx?playerId=69623","","","","","","","","","","","","","","","","","","","","",""
"2025","69645","KBO-69645","한화 이글스","장지수","P","","0","https://www.koreabaseball.com/Record/Player/PitcherDetail/Total.aspx?playerId=69645","","","","","","","","","","","","","","","","","","","","",""
"2025","69745","KBO-69745","KIA 타이거즈","김도현","P","KIA","1","https://www.koreabaseball.com/Record/Player/PitcherDetail/Total.aspx?playerId=69745","4.81","24","0","0","4","7","0","0","0.364","561","125 1/3","149","11","33","10","71","79","67","376","125.333","1.45"
"2025","69839","KBO-69839","SSG 랜더스","백승건","P","","0","https://www.koreabaseball.com/Record/Player/PitcherDetail/Total.aspx?playerId=69839","","","","","","","","","","","","","","","","","","","","",""
"2025","69969","KBO-69969","NC 다이노스","전사민","P","NC","1","https://www.koreabaseball.com/Record/Player/PitcherDetail/Total.aspx?playerId=69969","4.26","74","0","0","7","7","2","13","0.500","370","82 1/3","86","3","33","11","62","45","39","247","82.333","1.45"
"2025","69974","KBO-69974","한화 이글스","배민서","P","","0","https://www.koreabaseball.com/Record/Player/PitcherDetail/Total.aspx?playerId=69974","","","","","","","","","","","","","","","","","","","","",""
"2025","72523","KBO-72523","두산 베어스","고효준","P","두산","1","https://www.koreabaseball.com/Record/Player/PitcherDetail/Total.aspx?playerId=72523","6.86","45","0","0","2","1","0","9","0.667","104","21","29","4","14","1","19","16","16","63","21.000","2.05"
"2025","73117","KBO-73117","KT 위즈","우규민","P","KT","1","https://www.koreabaseball.com/Record/Player/PitcherDetail/Total.aspx?playerId=73117","2.44","53","0","0","1","2","0","9","0.333","185","44 1/3","45","2","3","4","24","12","12","133","44.333","1.08"
"2025","73211","KBO-73211","SSG 랜더스","노경은","P","SSG","1","https://www.koreabaseball.com/Record/Player/PitcherDetail/Total.aspx?playerId=73211","2.14","77","0","0","3","6","3","35","0.333","320","80","60","2","25","3","68","22","19","240","80.000","1.06"
"2025","73801","KBO-73801","삼성 라이온즈","송은범","P","삼성","1","https://www.koreabaseball.com/Record/Player/PitcherDetail/Total.aspx?playerId=73801","4.50","5","0","0","0","0","0","0","-","28","6","9","0","3","0","2","3","3","18","6.000","2.00"
"2025","75421","KBO-75421","삼성 라이온즈","오승환","P","삼성","1","https://www.koreabaseball.com/Record/Player/PitcherDetail/Total.aspx?playerId=75421","8.00","12","0","0","0","0","0","0","-","45","9","15","1","3","0","7","8","8","27","9.000","2.00"
"2025","75867","KBO-75867","LG 트윈스","김진성","P","LG","1","https://www.koreabaseball.com/Record/Player/PitcherDetail/Total.aspx?playerId=75867","3.44","78","0","0","6","4","1","33","0.600","291","70 2/3","61","7","24","0","63","28","27","212","70.667","1.20"
"2025","76118","KBO-76118","키움 히어로즈","원종현","P","키움","1","https://www.koreabaseball.com/Record/Player/PitcherDetail/Total.aspx?playerId=76118","6.13","61","0","0","2","4","5","11","0.333","248","54 1/3","68","5","18","3","40","42","37","163","54.333","1.58"
"2025","76225","KBO-76225","KIA 타이거즈","김건국","P","KIA","1","https://www.koreabaseball.com/Record/Player/PitcherDetail/Total.aspx?playerId=76225","6.85","26","0","0","0","3","0","1","0.000","216","46","59","11","17","5","31","38","35","138","46.000","1.65"
"2025","76430","KBO-76430","롯데 자이언츠","김상수","P","롯데","1","https://www.koreabaseball.com/Record/Player/PitcherDetail/Total.aspx?playerId=76430","6.38","45","0","0","0","1","2","3","0.000","180","36 2/3","48","4","18","3","27","26","26","110","36.667","1.80"
"2025","76650","KBO-76650","롯데 자이언츠","진해수","P","","0","https://www.koreabaseball.com/Record/Player/PitcherDetail/Total.aspx?playerId=76650","","","","","","","","","","","","","","","","","","","","",""
"2025","76715","KBO-76715","한화 이글스","류현진","P","한화","1","https://www.koreabaseball.com/Record/Player/PitcherDetail/Total.aspx?playerId=76715","3.23","26","0","0","9","7","0","0","0.563","574","139 1/3","144","12","25","4","122","54","50","418","139.333","1.21"
"2025","77211","KBO-77211","NC 다이노스","이용찬","P","NC","1","https://www.koreabaseball.com/Record/Player/PitcherDetail/Total.aspx?playerId=77211","10.57","12","0","0","1","2","0","1","0.333","83","15 1/3","23","1","12","4","14","18","18","46","15.333","2.28"
"2025","77263","KBO-77263","LG 트윈스","김강률","P","LG","1","https://www.koreabaseball.com/Record/Player/PitcherDetail/Total.aspx?playerId=77263","1.46","12","0","0","1","0","1","4","1.000","51","12 1/3","7","0","8","1","9","2","2","37","12.333","1.22"
"2025","77318","KBO-77318","한화 이글스","장시환","P","","0","https://www.koreabaseball.com/Record/Player/PitcherDetail/Total.aspx?playerId=77318","","","","","","","","","","","","","","","","","","","","",""
"2025","77446","KBO-77446","삼성 라이온즈","백정현","P","삼성","1","https://www.koreabaseball.com/Record/Player/PitcherDetail/Total.aspx?playerId=77446","1.95","29","0","0","2","0","1","3","1.000","128","32 1/3","19","1","7","2","31","7","7","97","32.333","0.80"
"2025","77637","KBO-77637","KIA 타이거즈","양현종","P","KIA","1","https://www.koreabaseball.com/Record/Player/PitcherDetail/Total.aspx?playerId=77637","5.06","30","0","0","7","9","0","0","0.438","677","153","171","12","57","4","109","101","86","459","153.000","1.49"
"2025","77829","KBO-77829","SSG 랜더스","김광현","P","SSG","1","https://www.koreabaseball.com/Record/Player/PitcherDetail/Total.aspx?playerId=77829","5.00","28","0","0","10","10","0","0","0.500","636","144","164","13","50","4","138","86","80","432","144.000","1.49"
"2025","78352","KBO-78352","삼성 라이온즈","임창민","P","삼성","1","https://www.koreabaseball.com/Record/Player/PitcherDetail/Total.aspx?playerId=78352","4.85","16","0","0","1","0","0","2","1.000","63","13","17","5","7","1","6","8","7","39","13.000","1.85"
"2025","79140","KBO-79140","KT 위즈","최동환","P","KT","1","https://www.koreabaseball.com/Record/Player/PitcherDetail/Total.aspx?playerId=79140","8.68","20","0","0","1","1","0","0","0.500","91","18 2/3","27","4","12","1","9","19","18","56","18.667","2.09"
"2025","79764","KBO-79764","한화 이글스","장민재","P","","0","https://www.koreabaseball.com/Record/Player/PitcherDetail/Total.aspx?playerId=79764","","","","","","","","","","","","","","","","","","","","",""
