"source_uid","snapshot_team","snapshot_name","position_group","kbo_player_id","candidate_status","candidate_team","bats_throws","profile_link","match_method"
"KBO-2025-S1-H28","KIA 타이거즈","고종욱","OF","61353","now","KIA","우투좌타","/Record/Player/HitterDetail/Basic.aspx?playerId=61353","exact_team_name"
"KBO-2025-S1-E12","KIA 타이거즈","곽도규","P","53609","now","KIA","좌투좌타","/Record/Player/PitcherDetail/Basic.aspx?playerId=53609","exact_team_name"
"KBO-2025-S1-E13","KIA 타이거즈","김건국","P","76225","now","KIA","우투우타","/Record/Player/PitcherDetail/Basic.aspx?playerId=76225","exact_team_name"
"KBO-2025-S1-H14","KIA 타이거즈","김규성","IF","66614","now","KIA","우투좌타","/Record/Player/HitterDetail/Basic.aspx?playerId=66614","exact_team_name"
"KBO-2025-S1-E14","KIA 타이거즈","김기훈","P","69620","now","KIA","좌투좌타","/Record/Player/PitcherDetail/Basic.aspx?playerId=69620","exact_team_name"
"KBO-2025-S1-E15","KIA 타이거즈","김대유","P","60337","now","KIA","좌투좌타","/Record/Player/PitcherDetail/Basic.aspx?playerId=60337","exact_team_name"
"KBO-2025-S1-H15","KIA 타이거즈","김도영","IF","52605","now","KIA","우투우타","/Record/Player/HitterDetail/Basic.aspx?playerId=52605","exact_team_name"
"KBO-2025-S1-E16","KIA 타이거즈","김도현","P","69745","now","KIA","우투우타","/Record/Player/PitcherDetail/Basic.aspx?playerId=69745","exact_team_name"
"KBO-2025-S1-E18","KIA 타이거즈","김민주","P","54645","retire","KIA","우투우타","/Record/Retire/Pitcher.aspx?playerId=54645","exact_team_name"
"KBO-2025-S1-E19","KIA 타이거즈","김사윤","P","63894","now","KIA","좌투좌타","/Record/Player/PitcherDetail/Basic.aspx?playerId=63894","exact_team_name"
"KBO-2025-S1-H29","KIA 타이거즈","김석환","OF","67610","now","KIA","좌투좌타","/Record/Player/HitterDetail/Basic.aspx?playerId=67610","exact_team_name"
"KBO-2025-S1-H17","KIA 타이거즈","김선빈","IF","78603","now","KIA","우투우타","/Record/Player/HitterDetail/Basic.aspx?playerId=78603","exact_team_name"
"KBO-2025-S1-E20","KIA 타이거즈","김승현","P","66492","retire","KIA","우투우타","/Record/Retire/Pitcher.aspx?playerId=66492","exact_team_name"
"KBO-2025-S5-E7","KIA 타이거즈","김시훈","P","68928","now","KIA","우투우타","/Record/Player/PitcherDetail/Basic.aspx?playerId=68928","exact_team_name"
"KBO-2025-S1-E21","KIA 타이거즈","김정엽","P","55646","now","KIA","우투우타","/Record/Player/PitcherDetail/Basic.aspx?playerId=55646","exact_team_name"
"KBO-2025-S1-H9","KIA 타이거즈","김태군","C","78122","now","KIA","우투우타","/Record/Player/HitterDetail/Basic.aspx?playerId=78122","exact_team_name"
"KBO-2025-S1-E22","KIA 타이거즈","김태형","P","55610","now","KIA","우투우타","/Record/Player/PitcherDetail/Basic.aspx?playerId=55610","exact_team_name"
"KBO-2025-S1-E23","KIA 타이거즈","김현수","P","69516","now","KIA","우투우타","/Record/Player/PitcherDetail/Basic.aspx?playerId=69516","manual_official_id"
"KBO-2025-S1-H30","KIA 타이거즈","김호령","OF","65653","now","KIA","우투우타","/Record/Player/HitterDetail/Basic.aspx?playerId=65653","exact_team_name"
"KBO-2025-S1-H31","KIA 타이거즈","나성범","OF","62947","now","KIA","좌투좌타","/Record/Player/HitterDetail/Basic.aspx?playerId=62947","exact_team_name"
"KBO-2025-S1-H7","KIA 타이거즈","네일","P","54640","now","KIA","우투우타","/Record/Player/PitcherDetail/Basic.aspx?playerId=54640","exact_team_name"
"KBO-2025-S1-H18","KIA 타이거즈","박민","IF","50657","now","KIA","우투우타","/Record/Player/HitterDetail/Basic.aspx?playerId=50657","exact_team_name"
"KBO-2025-S1-H32","KIA 타이거즈","박재현","OF","55636","now","KIA","우투좌타","/Record/Player/HitterDetail/Basic.aspx?playerId=55636","exact_team_name"
"KBO-2025-S1-H33","KIA 타이거즈","박정우","OF","67609","now","KIA","좌투좌타","/Record/Player/HitterDetail/Basic.aspx?playerId=67609","exact_team_name_position"
"KBO-2025-S1-E24","KIA 타이거즈","박준표","P","63638","retire","KIA","우언우타","/Record/Retire/Pitcher.aspx?playerId=63638","exact_team_name"
"KBO-2025-S1-H19","KIA 타이거즈","박찬호","IF","64646","now","두산","우투우타","/Record/Player/HitterDetail/Basic.aspx?playerId=64646","current_name"
"KBO-2025-M185","KIA 타이거즈","박헌","OF","55637","now","KIA","좌투좌타","/Futures/Player/HitterDetail.aspx?playerId=55637","exact_team_name"
"KBO-2025-S1-H20","KIA 타이거즈","변우혁","IF","69727","now","KIA","우투우타","/Record/Player/HitterDetail/Basic.aspx?playerId=69727","exact_team_name"
"KBO-2025-S1-H21","KIA 타이거즈","서건창","IF","78168","now","키움","우투좌타","/Record/Player/HitterDetail/Basic.aspx?playerId=78168","current_name"
"KBO-2025-M54","KIA 타이거즈","성영탁","P","54610","now","KIA","우투우타","/Record/Player/PitcherDetail/Basic.aspx?playerId=54610","exact_team_name"
"KBO-2025-S1-E25","KIA 타이거즈","양수호","P","55659","now","한화","우투우타","/Record/Player/PitcherDetail/Basic.aspx?playerId=55659","current_name"
"KBO-2025-S1-E26","KIA 타이거즈","양현종","P","77637","now","KIA","좌투좌타","/Record/Player/PitcherDetail/Basic.aspx?playerId=77637","exact_team_name"
"KBO-2025-S1-H22","KIA 타이거즈","오선우","IF","69636","now","KIA","좌투좌타","/Record/Player/HitterDetail/Basic.aspx?playerId=69636","exact_team_name"
"KBO-2025-S1-H8","KIA 타이거즈","올러","P","55633","now","KIA","우투우타","/Record/Player/PitcherDetail/Basic.aspx?playerId=55633","exact_team_name"
"KBO-2025-S1-H27","KIA 타이거즈","위즈덤","IF","55645","retire","KIA","우투우타","/Record/Retire/Hitter.aspx?playerId=55645","exact_team_name"
"KBO-2025-S1-E27","KIA 타이거즈","유승철","P","67640","now","KIA","우투양타","/Futures/Player/PitcherDetail.aspx?playerId=67640","exact_team_name"
"KBO-2025-S1-E28","KIA 타이거즈","유지성","P","50604","now","KIA","좌투좌타","/Record/Player/PitcherDetail/Basic.aspx?playerId=50604","exact_team_name"
"KBO-2025-S1-H23","KIA 타이거즈","윤도현","IF","52667","now","KIA","우투우타","/Record/Player/HitterDetail/Basic.aspx?playerId=52667","exact_team_name"
"KBO-2025-S1-E29","KIA 타이거즈","윤영철","P","53613","now","KIA","좌투좌타","/Record/Player/PitcherDetail/Basic.aspx?playerId=53613","exact_team_name"
"KBO-2025-S1-E30","KIA 타이거즈","윤중현","P","68619","now","KIA","우언우타","/Record/Player/PitcherDetail/Basic.aspx?playerId=68619","exact_team_name"
"KBO-2025-M110","KIA 타이거즈","이도현","P","53615","now","KIA","우투우타","/Record/Player/PitcherDetail/Basic.aspx?playerId=53615","exact_team_name"
"KBO-2025-M168","KIA 타이거즈","이성원","P","55632","now","KIA","우투우타","/Record/Player/PitcherDetail/Basic.aspx?playerId=55632","exact_team_name"
"KBO-2025-S1-E31","KIA 타이거즈","이의리","P","51648","now","KIA","좌투좌타","/Record/Player/PitcherDetail/Basic.aspx?playerId=51648","exact_team_name"
"KBO-2025-S1-E32","KIA 타이거즈","이준영","P","65665","now","KIA","좌투좌타","/Record/Player/PitcherDetail/Basic.aspx?playerId=65665","exact_team_name"
"KBO-2025-S1-H35","KIA 타이거즈","이창진","OF","64560","now","KIA","우투우타","/Record/Player/HitterDetail/Basic.aspx?playerId=64560","exact_team_name"
"KBO-2025-S1-E33","KIA 타이거즈","이형범","P","62951","now","KIA","우투우타","/Record/Player/PitcherDetail/Basic.aspx?playerId=62951","exact_team_name"
"KBO-2025-S1-E34","KIA 타이거즈","이호민","P","55663","now","상무","우투우타","/Futures/Player/PitcherDetail.aspx?playerId=55663","current_name"
"KBO-2025-S1-E35","KIA 타이거즈","임기영","P","62754","now","삼성","우언우타","/Record/Player/PitcherDetail/Basic.aspx?playerId=62754","current_name"
"KBO-2025-S1-E36","KIA 타이거즈","장재혁","P","50641","now","KIA","우투우타","/Record/Player/PitcherDetail/Basic.aspx?playerId=50641","exact_team_name"
"KBO-2025-S1-E37","KIA 타이거즈","전상현","P","66609","now","KIA","우투우타","/Record/Player/PitcherDetail/Basic.aspx?playerId=66609","exact_team_name"
"KBO-2025-S1-H3","KIA 타이거즈","정해영","P","50662","now","KIA","우투우타","/Record/Player/PitcherDetail/Basic.aspx?playerId=50662","exact_team_name"
"KBO-2025-M28","KIA 타이거즈","정해원","IF","53659","now","KIA","우투우타","/Record/Player/HitterDetail/Basic.aspx?playerId=53659","exact_team_name"
"KBO-2025-M53","KIA 타이거즈","정현창","IF","55926","now","KIA","우투좌타","/Record/Player/HitterDetail/Basic.aspx?playerId=55926","exact_team_name"
"KBO-2025-S1-H4","KIA 타이거즈","조상우","P","63342","now","KIA","우투우타","/Record/Player/PitcherDetail/Basic.aspx?playerId=63342","exact_team_name"
"KBO-2025-S1-H11","KIA 타이거즈","주효상","C","66354","now","KIA","우투좌타","/Record/Player/HitterDetail/Basic.aspx?playerId=66354","exact_team_name"
"KBO-2025-S1-H24","KIA 타이거즈","최정용","IF","65464","now","KIA","우투좌타","/Record/Player/HitterDetail/Basic.aspx?playerId=65464","exact_team_name"
"KBO-2025-S1-H5","KIA 타이거즈","최지민","P","52639","now","KIA","좌투좌타","/Record/Player/PitcherDetail/Basic.aspx?playerId=52639","exact_team_name"
"KBO-2025-S1-H37","KIA 타이거즈","최형우","OF","72443","now","삼성","우투좌타","/Record/Player/HitterDetail/Basic.aspx?playerId=72443","current_name"
"KBO-2025-S1-H12","KIA 타이거즈","한승택","C","63722","now","KT","우투우타","/Record/Player/HitterDetail/Basic.aspx?playerId=63722","current_name"
"KBO-2025-S5-E34","KIA 타이거즈","한재승","P","51994","now","KIA","우투우타","/Record/Player/PitcherDetail/Basic.aspx?playerId=51994","exact_team_name"
"KBO-2025-S1-H13","KIA 타이거즈","한준수","C","68646","now","KIA","우투좌타","/Record/Player/HitterDetail/Basic.aspx?playerId=68646","exact_team_name"
"KBO-2025-S1-H26","KIA 타이거즈","황대인","IF","65610","now","KIA","우투우타","/Record/Player/HitterDetail/Basic.aspx?playerId=65610","exact_team_name"
"KBO-2025-S1-H6","KIA 타이거즈","황동하","P","52641","now","KIA","우투우타","/Record/Player/PitcherDetail/Basic.aspx?playerId=52641","exact_team_name"
"KBO-2025-S3-B24","KT 위즈","강건","P","53006","now","KT","우투우타","/Record/Player/PitcherDetail/Basic.aspx?playerId=53006","exact_team_name"
"KBO-2025-S3-H5","KT 위즈","강민성","IF","69064","now","KT","우투우타","/Record/Player/HitterDetail/Basic.aspx?playerId=69064","exact_team_name"
"KBO-2025-S3-E26","KT 위즈","강백호","C","68050","now","한화","우투좌타","/Record/Player/HitterDetail/Basic.aspx?playerId=68050","current_name"
"KBO-2025-S3-E27","KT 위즈","강현우","C","50066","now","KT","우투우타","/Record/Player/HitterDetail/Basic.aspx?playerId=50066","exact_team_name"
"KBO-2025-S3-B25","KT 위즈","고영표","P","64001","now","KT","우언우타","/Record/Player/PitcherDetail/Basic.aspx?playerId=64001","exact_team_name"
"KBO-2025-S3-H6","KT 위즈","권동진","IF","51003","now","KT","우투좌타","/Record/Player/HitterDetail/Basic.aspx?playerId=51003","exact_team_name"
"KBO-2025-S3-H18","KT 위즈","김건형","OF","51005","retire","KT","우투좌타","/Record/Retire/Hitter.aspx?playerId=51005","exact_team_name"
"KBO-2025-S3-B26","KT 위즈","김동현","P","55040","now","KT","우투우타","/Record/Player/PitcherDetail/Basic.aspx?playerId=55040","exact_team_name"
"KBO-2025-S3-E28","KT 위즈","김민석","C","54097","now","KT","우투우타","/Record/Player/HitterDetail/Basic.aspx?playerId=54097","exact_team_name"
"KBO-2025-S3-B27","KT 위즈","김민수","P","65048","now","KT","우투우타","/Record/Player/PitcherDetail/Basic.aspx?playerId=65048","exact_team_name"
"KBO-2025-S3-H19","KT 위즈","김민혁","OF","64004","now","KT","우투좌타","/Record/Player/HitterDetail/Basic.aspx?playerId=64004","exact_team_name"
"KBO-2025-S3-H20","KT 위즈","김병준","OF","52002","now","상무","우투좌타","/Futures/Player/HitterDetail.aspx?playerId=52002","current_name"
"KBO-2025-S3-H7","KT 위즈","김상수","IF","79402","now","KT","우투우타","/Record/Player/HitterDetail/Basic.aspx?playerId=79402","manual_official_id"
"KBO-2025-S3-B28","KT 위즈","김재원","P","55043","now","상무","우투우타","/Futures/Player/PitcherDetail.aspx?playerId=55043","current_name"
"KBO-2025-S3-B29","KT 위즈","김주완","P","51299","retire","KT","좌투좌타","/Record/Retire/Pitcher.aspx?playerId=51299","exact_team_name"
"KBO-2025-S3-H8","KT 위즈","문상철","IF","64007","now","KT","우투우타","/Record/Player/HitterDetail/Basic.aspx?playerId=64007","exact_team_name"
"KBO-2025-S3-E3","KT 위즈","문용익","P","67419","now","KT","우투우타","/Record/Player/PitcherDetail/Basic.aspx?playerId=67419","exact_team_name"
"KBO-2025-S3-E4","KT 위즈","박건우","P","55046","now","KT","우투우타","/Record/Player/PitcherDetail/Basic.aspx?playerId=55046","exact_team_name"
"KBO-2025-S3-H21","KT 위즈","박민석","OF","55004","now","KT","우투우타","/Record/Player/HitterDetail/Basic.aspx?playerId=55004","manual_official_id"
"KBO-2025-S3-H9","KT 위즈","박민석","IF","69056","now","울산","우투우타","/Record/Player/HitterDetail/Basic.aspx?playerId=69056","manual_official_id"
"KBO-2025-S3-E6","KT 위즈","박영현","P","52060","now","KT","우투우타","/Record/Player/PitcherDetail/Basic.aspx?playerId=52060","exact_team_name"
"KBO-2025-M90","KT 위즈","배재성","P","65516","manual","","","/Record/Player/PitcherDetail/Basic.aspx?playerId=65516","manual_official_id"
"KBO-2025-S3-H22","KT 위즈","배정대","OF","64166","now","KT","우투우타","/Record/Player/HitterDetail/Basic.aspx?playerId=64166","exact_team_name"
"KBO-2025-S3-E7","KT 위즈","성재헌","P","50109","retire","KT","좌투좌타","/Record/Retire/Pitcher.aspx?playerId=50109","exact_team_name"
"KBO-2025-S3-E8","KT 위즈","소형준","P","50030","now","KT","우투우타","/Record/Player/PitcherDetail/Basic.aspx?playerId=50030","exact_team_name"
"KBO-2025-S3-E9","KT 위즈","손동현","P","69041","now","KT","우투우타","/Record/Player/PitcherDetail/Basic.aspx?playerId=69041","exact_team_name"
"KBO-2025-S3-H23","KT 위즈","송민섭","OF","64012","retire","KT","우투우타","/Record/Retire/Hitter.aspx?playerId=64012","exact_team_name"
"KBO-2025-M152","KT 위즈","스티븐슨","OF","55013","retire","KT","좌투좌타","/Record/Retire/Hitter.aspx?playerId=55013","exact_team_name"
"KBO-2025-S3-H24","KT 위즈","안치영","OF","67006","now","KT","우투좌타","/Record/Player/HitterDetail/Basic.aspx?playerId=67006","exact_team_name"
"KBO-2025-S3-H25","KT 위즈","안현민","OF","52001","now","KT","우투우타","/Record/Player/HitterDetail/Basic.aspx?playerId=52001","exact_team_name"
"KBO-2025-M76","KT 위즈","오서진","IF","55005","now","KT","우투우타","/Record/Player/HitterDetail/Basic.aspx?playerId=55005","exact_team_name"
"KBO-2025-S3-E10","KT 위즈","오원석","P","50859","now","KT","좌투좌타","/Record/Player/PitcherDetail/Basic.aspx?playerId=50859","exact_team_name"
"KBO-2025-S3-H10","KT 위즈","오윤석","IF","64504","now","KT","우투우타","/Record/Player/HitterDetail/Basic.aspx?playerId=64504","exact_team_name"
"KBO-2025-S3-H11","KT 위즈","오재일","IF","75334","retire","KT","좌투좌타","/Record/Retire/Hitter.aspx?playerId=75334","exact_team_name"
"KBO-2025-S3-E11","KT 위즈","우규민","P","73117","now","KT","우언우타","/Record/Player/PitcherDetail/Basic.aspx?playerId=73117","exact_team_name"
"KBO-2025-S3-E12","KT 위즈","원상현","P","54063","now","KT","우투우타","/Record/Player/PitcherDetail/Basic.aspx?playerId=54063","exact_team_name"
"KBO-2025-S3-H26","KT 위즈","유준규","OF","51013","now","KT","우투좌타","/Record/Player/HitterDetail/Basic.aspx?playerId=51013","exact_team_name"
"KBO-2025-S3-H12","KT 위즈","윤준혁","IF","50092","now","NC","우투우타","/Record/Player/HitterDetail/Basic.aspx?playerId=50092","current_name"
"KBO-2025-S3-E14","KT 위즈","이상동","P","69054","now","KT","우투우타","/Record/Player/PitcherDetail/Basic.aspx?playerId=69054","exact_team_name"
"KBO-2025-S3-E15","KT 위즈","이선우","P","69068","retire","KT","우언우타","/Record/Retire/Pitcher.aspx?playerId=69068","exact_team_name"
"KBO-2025-M52","KT 위즈","이정현","P","67048","now","KT","우투우타","/Record/Player/PitcherDetail/Basic.aspx?playerId=67048","exact_team_name"
"KBO-2025-S4-H29","KT 위즈","이정훈","OF","67644","now","KT","우투좌타","/Record/Player/HitterDetail/Basic.aspx?playerId=67644","exact_team_name"
"KBO-2025-S3-E16","KT 위즈","이채호","P","68896","now","KT","우언우타","/Record/Player/PitcherDetail/Basic.aspx?playerId=68896","exact_team_name"
"KBO-2025-S3-E17","KT 위즈","이태규","P","69623","retire","KT","우투좌타","/Record/Retire/Pitcher.aspx?playerId=69623","exact_team_name"
"KBO-2025-S3-E18","KT 위즈","이현민","P","54014","now","KT","우투우타","/Futures/Player/PitcherDetail.aspx?playerId=54014","exact_team_name"
"KBO-2025-S3-H13","KT 위즈","이호연","IF","68504","now","KIA","우투좌타","/Record/Player/HitterDetail/Basic.aspx?playerId=68504","current_name"
"KBO-2025-S2-E25","KT 위즈","임준형","P","69113","now","KT","좌투좌타","/Record/Player/PitcherDetail/Basic.aspx?playerId=69113","exact_team_name"
"KBO-2025-S3-H3","KT 위즈","장성우","C","78548","now","KT","우투우타","/Record/Player/HitterDetail/Basic.aspx?playerId=78548","exact_team_name"
"KBO-2025-S3-H14","KT 위즈","장준원","IF","64115","now","KT","우투우타","/Record/Player/HitterDetail/Basic.aspx?playerId=64115","exact_team_name"
"KBO-2025-S3-H27","KT 위즈","장진혁","OF","66706","now","KT","우투좌타","/Record/Player/HitterDetail/Basic.aspx?playerId=66706","exact_team_name"
"KBO-2025-S3-E19","KT 위즈","전용주","P","69047","now","KT","좌투좌타","/Record/Player/PitcherDetail/Basic.aspx?playerId=69047","exact_team_name"
"KBO-2025-S3-H4","KT 위즈","조대현","C","68089","now","KT","우투우타","/Record/Player/HitterDetail/Basic.aspx?playerId=68089","exact_team_name"
"KBO-2025-S3-E20","KT 위즈","조이현","P","64768","now","KT","우투좌타","/Record/Player/PitcherDetail/Basic.aspx?playerId=64768","exact_team_name"
"KBO-2025-S3-E21","KT 위즈","주권","P","65060","now","KT","우투우타","/Record/Player/PitcherDetail/Basic.aspx?playerId=65060","exact_team_name"
"KBO-2025-S3-E22","KT 위즈","최동환","P","79140","now","KT","우투우타","/Record/Player/PitcherDetail/Basic.aspx?playerId=79140","exact_team_name"
"KBO-2025-S3-H28","KT 위즈","최성민","OF","51007","now","KT","좌투좌타","/Record/Player/HitterDetail/Basic.aspx?playerId=51007","exact_team_name"
"KBO-2025-M72","KT 위즈","최용준","P","50650","now","SSG","우투우타","/Record/Player/PitcherDetail/Basic.aspx?playerId=50650","current_name"
"KBO-2025-M121","KT 위즈","패트릭","P","55032","retire","KT","우투우타","/Record/Retire/Pitcher.aspx?playerId=55032","exact_team_name"
"KBO-2025-S3-E23","KT 위즈","한차현","P","51058","now","KT","우투우타","/Record/Player/PitcherDetail/Basic.aspx?playerId=51058","exact_team_name"
"KBO-2025-S3-H16","KT 위즈","허경민","IF","79240","now","KT","우투우타","/Record/Player/HitterDetail/Basic.aspx?playerId=79240","exact_team_name"
"KBO-2025-S3-E25","KT 위즈","헤이수스","P","54354","retire","KT","좌투좌타","/Record/Retire/Pitcher.aspx?playerId=54354","exact_team_name"
"KBO-2025-S3-H17","KT 위즈","황재균","IF","76313","retire","KT","우투우타","/Record/Retire/Hitter.aspx?playerId=76313","exact_team_name"
"KBO-2025-S2-H11","LG 트윈스","구본혁","IF","69100","now","LG","우투우타","/Record/Player/HitterDetail/Basic.aspx?playerId=69100","exact_team_name"
"KBO-2025-S2-E5","LG 트윈스","김강률","P","77263","now","LG","우투우타","/Record/Player/PitcherDetail/Basic.aspx?playerId=77263","exact_team_name"
"KBO-2025-S2-E6","LG 트윈스","김대현","P","66145","now","LG","우투우타","/Record/Player/PitcherDetail/Basic.aspx?playerId=66145","exact_team_name"
"KBO-2025-S2-H12","LG 트윈스","김민수","IF","64793","now","LG","우투우타","/Record/Player/HitterDetail/Basic.aspx?playerId=64793","exact_team_name"
"KBO-2025-S2-H6","LG 트윈스","김범석","C","53144","retire","LG","우투우타","/Record/Retire/Hitter.aspx?playerId=53144","exact_team_name"
"KBO-2025-S2-H7","LG 트윈스","김성우","C","52105","now","상무","우투우타","/Futures/Player/HitterDetail.aspx?playerId=52105","current_name"
"KBO-2025-S2-H13","LG 트윈스","김성진","IF","69105","now","LG","우투우타","/Record/Player/HitterDetail/Basic.aspx?playerId=69105","exact_team_name"
"KBO-2025-S2-E7","LG 트윈스","김영우","P","55167","now","LG","우투우타","/Record/Player/PitcherDetail/Basic.aspx?playerId=55167","exact_team_name"
"KBO-2025-S2-E8","LG 트윈스","김영준","P","68130","now","롯데","우투우타","/Record/Player/PitcherDetail/Basic.aspx?playerId=68130","current_name"
"KBO-2025-S2-E9","LG 트윈스","김유영","P","64596","now","LG","좌투좌타","/Record/Player/PitcherDetail/Basic.aspx?playerId=64596","exact_team_name"
"KBO-2025-M59","LG 트윈스","김종운","P","55122","now","상무","우투우타","/Futures/Player/PitcherDetail.aspx?playerId=55122","current_name"
"KBO-2025-S2-H14","LG 트윈스","김주성","IF","66162","now","LG","우투우타","/Record/Player/HitterDetail/Basic.aspx?playerId=66162","exact_team_name"
"KBO-2025-S2-E10","LG 트윈스","김주온","P","65411","now","LG","우투우타","/Record/Player/PitcherDetail/Basic.aspx?playerId=65411","exact_team_name"
"KBO-2025-S3-E29","LG 트윈스","김준태","C","62558","now","LG","우투좌타","/Record/Player/HitterDetail/Basic.aspx?playerId=62558","exact_team_name"
"KBO-2025-S2-E11","LG 트윈스","김진성","P","75867","now","LG","우투우타","/Record/Player/PitcherDetail/Basic.aspx?playerId=75867","exact_team_name"
"KBO-2025-S2-E12","LG 트윈스","김진수","P","51154","now","LG","우투우타","/Record/Player/PitcherDetail/Basic.aspx?playerId=51154","exact_team_name"
"KBO-2025-S2-H22","LG 트윈스","김현수","OF","76290","now","KT","우투좌타","/Record/Player/HitterDetail/Basic.aspx?playerId=76290","current_name_position"
"KBO-2025-S2-H23","LG 트윈스","김현종","OF","54166","now","LG","우투우타","/Record/Player/HitterDetail/Basic.aspx?playerId=54166","exact_team_name"
"KBO-2025-S2-H15","LG 트윈스","문보경","IF","69102","now","LG","우투좌타","/Record/Player/HitterDetail/Basic.aspx?playerId=69102","exact_team_name"
"KBO-2025-S2-H24","LG 트윈스","문성주","OF","68119","now","LG","좌투좌타","/Record/Player/HitterDetail/Basic.aspx?playerId=68119","exact_team_name"
"KBO-2025-S2-H16","LG 트윈스","문정빈","IF","52121","now","LG","우투우타","/Record/Player/HitterDetail/Basic.aspx?playerId=52121","exact_team_name"
"KBO-2025-S2-H25","LG 트윈스","박관우","OF","55164","now","상무","좌투좌타","/Futures/Player/HitterDetail.aspx?playerId=55164","current_name"
"KBO-2025-S2-H8","LG 트윈스","박동원","C","79365","now","LG","우투우타","/Record/Player/HitterDetail/Basic.aspx?playerId=79365","exact_team_name"
"KBO-2025-S2-E13","LG 트윈스","박명근","P","53139","now","상무","우언우타","/Futures/Player/PitcherDetail.aspx?playerId=53139","current_name"
"KBO-2025-M111","LG 트윈스","박시원","P","55121","now","LG","우투우타","/Record/Player/PitcherDetail/Basic.aspx?playerId=55121","exact_team_name"
"KBO-2025-S2-H26","LG 트윈스","박해민","OF","62415","now","LG","우투좌타","/Record/Player/HitterDetail/Basic.aspx?playerId=62415","exact_team_name"
"KBO-2025-S2-E14","LG 트윈스","배재준","P","63145","now","LG","우투우타","/Record/Player/PitcherDetail/Basic.aspx?playerId=63145","exact_team_name"
"KBO-2025-S2-E15","LG 트윈스","백승현","P","65109","now","LG","우투우타","/Record/Player/PitcherDetail/Basic.aspx?playerId=65109","exact_team_name"
"KBO-2025-S2-H27","LG 트윈스","서영준","OF","55160","now","LG","우투우타","/Record/Player/HitterDetail/Basic.aspx?playerId=55160","exact_team_name"
"KBO-2025-S2-E16","LG 트윈스","성동현","P","68159","now","LG","우투우타","/Record/Player/PitcherDetail/Basic.aspx?playerId=68159","exact_team_name"
"KBO-2025-M25","LG 트윈스","손용준","IF","54156","now","LG","우투우타","/Record/Player/HitterDetail/Basic.aspx?playerId=54156","exact_team_name"
"KBO-2025-S2-E17","LG 트윈스","손주영","P","67143","now","LG","좌투좌타","/Record/Player/PitcherDetail/Basic.aspx?playerId=67143","exact_team_name"
"KBO-2025-S2-E18","LG 트윈스","송승기","P","51111","now","LG","좌투좌타","/Record/Player/PitcherDetail/Basic.aspx?playerId=51111","exact_team_name"
"KBO-2025-S2-H28","LG 트윈스","송찬의","OF","68110","now","LG","우투우타","/Record/Player/HitterDetail/Basic.aspx?playerId=68110","exact_team_name"
"KBO-2025-S2-H17","LG 트윈스","신민재","IF","65207","now","LG","우투좌타","/Record/Player/HitterDetail/Basic.aspx?playerId=65207","exact_team_name"
"KBO-2025-S2-E19","LG 트윈스","심창민","P","61411","retire","LG","우언우타","/Record/Retire/Pitcher.aspx?playerId=61411","exact_team_name"
"KBO-2025-S2-H29","LG 트윈스","안익훈","OF","65115","retire","LG","좌투좌타","/Record/Retire/Hitter.aspx?playerId=65115","exact_team_name"
"KBO-2025-S2-H21","LG 트윈스","오스틴","IF","53123","now","LG","우투우타","/Record/Player/HitterDetail/Basic.aspx?playerId=53123","exact_team_name"
"KBO-2025-S2-H18","LG 트윈스","오지환","IF","79109","now","LG","우투좌타","/Record/Player/HitterDetail/Basic.aspx?playerId=79109","exact_team_name"
"KBO-2025-S2-E20","LG 트윈스","우강훈","P","51526","now","LG","우언우타","/Record/Player/PitcherDetail/Basic.aspx?playerId=51526","exact_team_name"
"KBO-2025-S2-E21","LG 트윈스","유영찬","P","50106","now","LG","우투좌타","/Record/Player/PitcherDetail/Basic.aspx?playerId=50106","exact_team_name"
"KBO-2025-S2-H19","LG 트윈스","이영빈","IF","51100","now","LG","우투좌타","/Record/Player/HitterDetail/Basic.aspx?playerId=51100","exact_team_name"
"KBO-2025-S2-E22","LG 트윈스","이우찬","P","61145","now","LG","좌투좌타","/Record/Player/PitcherDetail/Basic.aspx?playerId=61145","exact_team_name"
"KBO-2025-M91","LG 트윈스","이정용","P","69134","now","LG","우투우타","/Record/Player/PitcherDetail/Basic.aspx?playerId=69134","exact_team_name"
"KBO-2025-S2-E23","LG 트윈스","이종준","P","50904","now","LG","우투우타","/Record/Player/PitcherDetail/Basic.aspx?playerId=50904","exact_team_name"
"KBO-2025-S2-H9","LG 트윈스","이주헌","C","52154","now","LG","우투우타","/Record/Player/HitterDetail/Basic.aspx?playerId=52154","exact_team_name"
"KBO-2025-S2-E24","LG 트윈스","이지강","P","69108","now","LG","우투우타","/Record/Player/PitcherDetail/Basic.aspx?playerId=69108","exact_team_name"
"KBO-2025-S2-H20","LG 트윈스","이태훈","IF","55165","now","LG","우투좌타","/Futures/Player/HitterDetail.aspx?playerId=55165","exact_team_name"
"KBO-2025-S2-H10","LG 트윈스","이한림","C","55100","now","LG","우투우타","/Futures/Player/HitterDetail.aspx?playerId=55100","exact_team_name"
"KBO-2025-S2-E26","LG 트윈스","임찬규","P","61101","now","LG","우투우타","/Record/Player/PitcherDetail/Basic.aspx?playerId=61101","exact_team_name"
"KBO-2025-S2-E27","LG 트윈스","장현식","P","63950","now","LG","우투우타","/Record/Player/PitcherDetail/Basic.aspx?playerId=63950","exact_team_name"
"KBO-2025-S2-E28","LG 트윈스","정우영","P","69159","now","LG","우언우타","/Record/Player/PitcherDetail/Basic.aspx?playerId=69159","exact_team_name"
"KBO-2025-S2-E30","LG 트윈스","진우영","P","54148","now","LG","우투우타","/Futures/Player/PitcherDetail.aspx?playerId=54148","exact_team_name"
"KBO-2025-S3-H15","LG 트윈스","천성호","IF","50054","now","LG","우투좌타","/Record/Player/HitterDetail/Basic.aspx?playerId=50054","exact_team_name"
"KBO-2025-S2-H30","LG 트윈스","최승민","OF","65905","retire","LG","우투좌타","/Record/Retire/Hitter.aspx?playerId=65905","exact_team_name"
"KBO-2025-S2-H31","LG 트윈스","최원영","OF","52103","now","LG","우투우타","/Record/Player/HitterDetail/Basic.aspx?playerId=52103","exact_team_name"
"KBO-2025-S2-E31","LG 트윈스","최채흥","P","68419","manual","","","/Record/Player/PitcherDetail/Basic.aspx?playerId=68419","manual_official_id"
"KBO-2025-S2-E32","LG 트윈스","추세현","P","55163","now","LG","우투우타","/Record/Player/HitterDetail/Basic.aspx?playerId=55163","exact_team_name"
"KBO-2025-S2-H5","LG 트윈스","치리노스","P","55146","now","LG","우투우타","/Record/Player/PitcherDetail/Basic.aspx?playerId=55146","exact_team_name"
"KBO-2025-M156","LG 트윈스","톨허스트","P","55130","now","LG","우투우타","/Record/Player/PitcherDetail/Basic.aspx?playerId=55130","exact_team_name"
"KBO-2025-S2-E33","LG 트윈스","함덕주","P","63248","now","LG","좌투좌타","/Record/Player/PitcherDetail/Basic.aspx?playerId=63248","exact_team_name"
"KBO-2025-S2-H32","LG 트윈스","함창건","OF","50108","now","LG","좌투좌타","/Record/Player/HitterDetail/Basic.aspx?playerId=50108","exact_team_name"
"KBO-2025-S2-E34","LG 트윈스","허용주","P","53102","retire","LG","우투우타","/Record/Retire/Pitcher.aspx?playerId=53102","exact_team_name"
"KBO-2025-S2-H3","LG 트윈스","허준혁","P","52119","now","LG","우투우타","/Futures/Player/PitcherDetail.aspx?playerId=52119","exact_team_name"
"KBO-2025-S2-H33","LG 트윈스","홍창기","OF","66108","now","LG","우투좌타","/Record/Player/HitterDetail/Basic.aspx?playerId=66108","exact_team_name"
"KBO-2025-M84","NC 다이노스","고승완","OF","54908","now","NC","우투좌타","/Record/Player/HitterDetail/Basic.aspx?playerId=54908","exact_team_name"
"KBO-2025-M92","NC 다이노스","구창모","P","65933","now","NC","좌투좌타","/Record/Player/PitcherDetail/Basic.aspx?playerId=65933","exact_team_name"
"KBO-2025-S5-H22","NC 다이노스","권희동","OF","63963","now","NC","우투우타","/Record/Player/HitterDetail/Basic.aspx?playerId=63963","exact_team_name"
"KBO-2025-M10","NC 다이노스","김녹원","P","52995","now","NC","우투우타","/Record/Player/PitcherDetail/Basic.aspx?playerId=52995","exact_team_name"
"KBO-2025-S5-E6","NC 다이노스","김민규","P","54913","now","상무","우투우타","/Record/Player/PitcherDetail/Basic.aspx?playerId=54913","manual_official_id"
"KBO-2025-S5-H23","NC 다이노스","김범준","OF","69980","now","NC","우투우타","/Futures/Player/HitterDetail.aspx?playerId=69980","exact_team_name"
"KBO-2025-S5-H10","NC 다이노스","김세훈","IF","54905","now","상무","우투우타","/Futures/Player/HitterDetail.aspx?playerId=54905","current_name"
"KBO-2025-S5-E8","NC 다이노스","김영규","P","68900","now","NC","좌투좌타","/Record/Player/PitcherDetail/Basic.aspx?playerId=68900","exact_team_name"
"KBO-2025-S5-E9","NC 다이노스","김재열","P","64580","now","NC","우투우타","/Record/Player/PitcherDetail/Basic.aspx?playerId=64580","exact_team_name"
"KBO-2025-M67","NC 다이노스","김정호","C","51903","now","NC","우투우타","/Record/Player/HitterDetail/Basic.aspx?playerId=51903","exact_team_name"
"KBO-2025-S5-H11","NC 다이노스","김주원","IF","51907","now","NC","우투양타","/Record/Player/HitterDetail/Basic.aspx?playerId=51907","exact_team_name"
"KBO-2025-S5-E10","NC 다이노스","김진호","P","67954","now","NC","우투우타","/Record/Player/PitcherDetail/Basic.aspx?playerId=67954","exact_team_name"
"KBO-2025-S5-E11","NC 다이노스","김태경","P","50992","now","NC","우투우타","/Record/Player/PitcherDetail/Basic.aspx?playerId=50992","exact_team_name"
"KBO-2025-S5-E12","NC 다이노스","김태현","P","67956","now","NC","좌투좌타","/Futures/Player/PitcherDetail.aspx?playerId=67956","exact_team_name"
"KBO-2025-S5-E13","NC 다이노스","김태훈","P","55995","now","NC","우투우타","/Record/Player/PitcherDetail/Basic.aspx?playerId=55995","exact_team_name"
"KBO-2025-S5-H12","NC 다이노스","김한별","IF","50902","now","NC","우투우타","/Record/Player/HitterDetail/Basic.aspx?playerId=50902","exact_team_name"
"KBO-2025-S5-H6","NC 다이노스","김형준","C","68912","now","NC","우투우타","/Record/Player/HitterDetail/Basic.aspx?playerId=68912","exact_team_name"
"KBO-2025-S5-H13","NC 다이노스","김휘집","IF","51344","now","NC","우투우타","/Record/Player/HitterDetail/Basic.aspx?playerId=51344","exact_team_name"
"KBO-2025-S5-H21","NC 다이노스","데이비슨","IF","54944","now","키움","우투우타","/Record/Player/HitterDetail/Basic.aspx?playerId=54944","current_name"
"KBO-2025-S5-H14","NC 다이노스","도태훈","IF","66965","now","NC","우투좌타","/Record/Player/HitterDetail/Basic.aspx?playerId=66965","exact_team_name"
"KBO-2025-S5-H4","NC 다이노스","라일리","P","55903","now","NC","우투우타","/Record/Player/PitcherDetail/Basic.aspx?playerId=55903","exact_team_name"
"KBO-2025-S5-H5","NC 다이노스","로건","P","55912","now","KT","좌투우타","/Record/Player/PitcherDetail/Basic.aspx?playerId=55912","current_name"
"KBO-2025-S5-E15","NC 다이노스","류진욱","P","65949","now","NC","우투우타","/Record/Player/PitcherDetail/Basic.aspx?playerId=65949","exact_team_name"
"KBO-2025-S5-E16","NC 다이노스","목지훈","P","53973","now","NC","우투우타","/Record/Player/PitcherDetail/Basic.aspx?playerId=53973","exact_team_name"
"KBO-2025-S5-H25","NC 다이노스","박건우","OF","79215","now","NC","우투우타","/Record/Player/HitterDetail/Basic.aspx?playerId=79215","exact_team_name"
"KBO-2025-S5-H15","NC 다이노스","박민우","IF","62907","now","NC","우투좌타","/Record/Player/HitterDetail/Basic.aspx?playerId=62907","exact_team_name"
"KBO-2025-S5-H7","NC 다이노스","박세혁","C","62244","now","삼성","우투좌타","/Record/Player/HitterDetail/Basic.aspx?playerId=62244","current_name"
"KBO-2025-S5-H26","NC 다이노스","박시원","OF","50996","now","NC","우투좌타","/Record/Player/HitterDetail/Basic.aspx?playerId=50996","exact_team_name"
"KBO-2025-S5-H27","NC 다이노스","박영빈","OF","50906","now","NC","우투좌타","/Futures/Player/HitterDetail.aspx?playerId=50906","exact_team_name"
"KBO-2025-S5-E17","NC 다이노스","박주현","P","68097","retire","NC","좌투좌타","/Record/Retire/Pitcher.aspx?playerId=68097","exact_team_name"
"KBO-2025-S5-E18","NC 다이노스","배재환","P","64995","now","NC","우투우타","/Record/Player/PitcherDetail/Basic.aspx?playerId=64995","exact_team_name"
"KBO-2025-S5-E19","NC 다이노스","서의태","P","66068","retire","NC","좌투좌타","/Record/Retire/Pitcher.aspx?playerId=66068","exact_team_name"
"KBO-2025-S5-H16","NC 다이노스","서호철","IF","69995","now","NC","우투우타","/Record/Player/HitterDetail/Basic.aspx?playerId=69995","exact_team_name"
"KBO-2025-S5-E20","NC 다이노스","소이현","P","67962","now","NC","우투우타","/Futures/Player/PitcherDetail.aspx?playerId=67962","exact_team_name"
"KBO-2025-S5-E21","NC 다이노스","손주환","P","54904","now","NC","우투우타","/Record/Player/PitcherDetail/Basic.aspx?playerId=54904","exact_team_name"
"KBO-2025-S5-H30","NC 다이노스","송승환","OF","69203","retire","NC","우투우타","/Record/Retire/Hitter.aspx?playerId=69203","exact_team_name"
"KBO-2025-S5-E22","NC 다이노스","신민혁","P","68902","now","NC","우투우타","/Record/Player/PitcherDetail/Basic.aspx?playerId=68902","exact_team_name"
"KBO-2025-S5-E23","NC 다이노스","신영우","P","53919","now","NC","우투우타","/Record/Player/PitcherDetail/Basic.aspx?playerId=53919","exact_team_name"
"KBO-2025-M151","NC 다이노스","안인산","IF","50901","now","KT","우투우타","/Record/Player/HitterDetail/Basic.aspx?playerId=50901","current_name"
"KBO-2025-S5-H9","NC 다이노스","안중열","C","64022","now","NC","우투우타","/Record/Player/HitterDetail/Basic.aspx?playerId=64022","exact_team_name"
"KBO-2025-S5-H17","NC 다이노스","오영수","IF","68904","now","NC","우투좌타","/Record/Player/HitterDetail/Basic.aspx?playerId=68904","exact_team_name"
"KBO-2025-M93","NC 다이노스","오태양","IF","51996","now","NC","우투우타","/Record/Player/HitterDetail/Basic.aspx?playerId=51996","exact_team_name"
"KBO-2025-S5-E24","NC 다이노스","원종해","P","54906","now","NC","우투우타","/Record/Player/PitcherDetail/Basic.aspx?playerId=54906","exact_team_name"
"KBO-2025-S5-E25","NC 다이노스","이세민","P","55997","now","NC","우투우타","/Record/Player/PitcherDetail/Basic.aspx?playerId=55997","exact_team_name"
"KBO-2025-S5-E26","NC 다이노스","이용찬","P","77211","now","두산","우투우타","/Record/Player/PitcherDetail/Basic.aspx?playerId=77211","current_name"
"KBO-2025-S1-H34","NC 다이노스","이우성","OF","63260","now","NC","우투우타","/Record/Player/HitterDetail/Basic.aspx?playerId=63260","exact_team_name"
"KBO-2025-S5-E27","NC 다이노스","이재학","P","60263","now","NC","우언우타","/Record/Player/PitcherDetail/Basic.aspx?playerId=60263","exact_team_name"
"KBO-2025-M11","NC 다이노스","이준혁","P","52992","now","NC","우투우타","/Record/Player/PitcherDetail/Basic.aspx?playerId=52992","exact_team_name"
"KBO-2025-S5-E28","NC 다이노스","임상현","P","54900","retire","NC","우투우타","/Record/Retire/Pitcher.aspx?playerId=54900","exact_team_name"
"KBO-2025-S5-E29","NC 다이노스","임정호","P","63959","now","NC","좌투좌타","/Record/Player/PitcherDetail/Basic.aspx?playerId=63959","exact_team_name"
"KBO-2025-M177","NC 다이노스","임지민","P","52902","now","NC","우투우타","/Record/Player/PitcherDetail/Basic.aspx?playerId=52902","exact_team_name"
"KBO-2025-S5-H18","NC 다이노스","장창훈","IF","55993","now","NC","우투좌타","/Futures/Player/HitterDetail.aspx?playerId=55993","exact_team_name"
"KBO-2025-S5-E30","NC 다이노스","전루건","P","69204","now","NC","우투우타","/Futures/Player/PitcherDetail.aspx?playerId=69204","exact_team_name"
"KBO-2025-S5-E31","NC 다이노스","전사민","P","69969","now","NC","우투우타","/Record/Player/PitcherDetail/Basic.aspx?playerId=69969","exact_team_name"
"KBO-2025-M94","NC 다이노스","조민석","P","52903","now","NC","우투좌타","/Record/Player/PitcherDetail/Basic.aspx?playerId=52903","exact_team_name"
"KBO-2025-S5-H31","NC 다이노스","천재환","OF","67905","now","NC","우투우타","/Record/Player/HitterDetail/Basic.aspx?playerId=67905","exact_team_name"
"KBO-2025-S5-E32","NC 다이노스","최성영","P","66920","now","NC","좌투좌타","/Record/Player/PitcherDetail/Basic.aspx?playerId=66920","exact_team_name"
"KBO-2025-S5-E33","NC 다이노스","최우석","P","54903","now","NC","우투우타","/Record/Player/PitcherDetail/Basic.aspx?playerId=54903","exact_team_name"
"KBO-2025-S1-H36","NC 다이노스","최원준","OF","66606","now","KT","우투좌타","/Record/Player/HitterDetail/Basic.aspx?playerId=66606","current_name_position"
"KBO-2025-S5-H19","NC 다이노스","최정원","IF","69992","now","NC","우투좌타","/Record/Player/HitterDetail/Basic.aspx?playerId=69992","exact_team_name"
"KBO-2025-M171","NC 다이노스","하준영","P","68639","now","NC","좌투좌타","/Record/Player/PitcherDetail/Basic.aspx?playerId=68639","exact_team_name"
"KBO-2025-S5-H32","NC 다이노스","한석현","OF","64101","now","NC","좌투좌타","/Record/Player/HitterDetail/Basic.aspx?playerId=64101","exact_team_name"
"KBO-2025-S5-H20","NC 다이노스","한재환","IF","50903","now","NC","우투우타","/Record/Player/HitterDetail/Basic.aspx?playerId=50903","exact_team_name"
"KBO-2025-S5-H3","NC 다이노스","홍재문","P","55996","now","NC","우투우타","/Record/Player/PitcherDetail/Basic.aspx?playerId=55996","exact_team_name"
"KBO-2025-S1-H25","NC 다이노스","홍종표","IF","50600","now","NC","우투좌타","/Record/Player/HitterDetail/Basic.aspx?playerId=50600","exact_team_name"
"KBO-2025-S3-H36","SSG 랜더스","고명준","IF","51868","now","SSG","우투우타","/Record/Player/HitterDetail/Basic.aspx?playerId=51868","exact_team_name"
"KBO-2025-S3-E34","SSG 랜더스","김건우","P","51867","now","SSG","좌투좌타","/Record/Player/PitcherDetail/Basic.aspx?playerId=51867","exact_team_name"
"KBO-2025-S3-E35","SSG 랜더스","김광현","P","77829","now","SSG","좌투좌타","/Record/Player/PitcherDetail/Basic.aspx?playerId=77829","exact_team_name"
"KBO-2025-M12","SSG 랜더스","김규민","C","54810","now","상무","우투좌타","/Futures/Player/HitterDetail.aspx?playerId=54810","current_name"
"KBO-2025-S3-E36","SSG 랜더스","김민","P","68043","now","SSG","우투우타","/Record/Player/PitcherDetail/Basic.aspx?playerId=68043","exact_team_name"
"KBO-2025-S3-E61","SSG 랜더스","김민식","C","62864","now","SSG","우투좌타","/Record/Player/HitterDetail/Basic.aspx?playerId=62864","exact_team_name"
"KBO-2025-S3-H37","SSG 랜더스","김성민","IF","50848","now","SSG","우투우타","/Record/Player/PitcherDetail/Basic.aspx?playerId=50848","exact_team_name"
"KBO-2025-S5-H24","SSG 랜더스","김성욱","OF","62934","now","SSG","우투우타","/Record/Player/HitterDetail/Basic.aspx?playerId=62934","exact_team_name"
"KBO-2025-S3-H38","SSG 랜더스","김성현","IF","76802","now","SSG","우투우타","/Record/Player/HitterDetail/Basic.aspx?playerId=76802","exact_team_name"
"KBO-2025-S3-H39","SSG 랜더스","김수윤","IF","67900","now","SSG","우투우타","/Record/Player/HitterDetail/Basic.aspx?playerId=67900","exact_team_name"
"KBO-2025-S3-H40","SSG 랜더스","김찬형","IF","66917","retire","SSG","우투우타","/Record/Retire/Hitter.aspx?playerId=66917","exact_team_name"
"KBO-2025-S3-H49","SSG 랜더스","김창평","OF","69825","now","SSG","우투좌타","/Record/Player/HitterDetail/Basic.aspx?playerId=69825","exact_team_name"
"KBO-2025-M71","SSG 랜더스","김태윤","IF","52803","now","SSG","우투좌타","/Record/Player/HitterDetail/Basic.aspx?playerId=52803","exact_team_name"
"KBO-2025-S3-E37","SSG 랜더스","김택형","P","65343","now","SSG","좌투좌타","/Record/Player/PitcherDetail/Basic.aspx?playerId=65343","exact_team_name"
"KBO-2025-S3-E38","SSG 랜더스","노경은","P","73211","now","SSG","우투우타","/Record/Player/PitcherDetail/Basic.aspx?playerId=73211","exact_team_name"
"KBO-2025-S3-H50","SSG 랜더스","류효승","OF","50868","now","SSG","우투우타","/Record/Player/HitterDetail/Basic.aspx?playerId=50868","exact_team_name"
"KBO-2025-S3-E39","SSG 랜더스","문승원","P","62869","now","SSG","우투우타","/Record/Player/PitcherDetail/Basic.aspx?playerId=62869","exact_team_name"
"KBO-2025-S3-E40","SSG 랜더스","박기호","P","54802","now","SSG","우투우타","/Record/Player/PitcherDetail/Basic.aspx?playerId=54802","exact_team_name"
"KBO-2025-S3-E41","SSG 랜더스","박성빈","P","54807","now","상무","우투우타","/Futures/Player/PitcherDetail.aspx?playerId=54807","current_name_position"
"KBO-2025-S3-H41","SSG 랜더스","박성한","IF","67893","now","SSG","우투좌타","/Record/Player/HitterDetail/Basic.aspx?playerId=67893","exact_team_name"
"KBO-2025-S3-E42","SSG 랜더스","박시후","P","50812","now","SSG","좌투좌타","/Record/Player/PitcherDetail/Basic.aspx?playerId=50812","exact_team_name"
"KBO-2025-M13","SSG 랜더스","박정빈","OF","51860","now","SSG","우투우타","/Futures/Player/HitterDetail.aspx?playerId=51860","exact_team_name"
"KBO-2025-S3-E43","SSG 랜더스","박종훈","P","60841","now","SSG","우언우타","/Record/Player/PitcherDetail/Basic.aspx?playerId=60841","exact_team_name"
"KBO-2025-S3-H42","SSG 랜더스","박지환","IF","54805","now","상무","우투우타","/Futures/Player/HitterDetail.aspx?playerId=54805","current_name"
"KBO-2025-S3-E44","SSG 랜더스","백승건","P","69839","now","SSG","좌투좌타","/Record/Player/PitcherDetail/Basic.aspx?playerId=69839","exact_team_name"
"KBO-2025-S3-E45","SSG 랜더스","서진용","P","61895","now","SSG","우투우타","/Record/Player/PitcherDetail/Basic.aspx?playerId=61895","exact_team_name"
"KBO-2025-S3-H43","SSG 랜더스","석정우","IF","52804","now","SSG","우투우타","/Record/Player/HitterDetail/Basic.aspx?playerId=52804","exact_team_name"
"KBO-2025-S3-E46","SSG 랜더스","송영진","P","53898","now","상무","우투양타","/Futures/Player/PitcherDetail.aspx?playerId=53898","current_name"
"KBO-2025-S3-E63","SSG 랜더스","신범수","C","66662","now","SSG","우투좌타","/Record/Player/HitterDetail/Basic.aspx?playerId=66662","exact_team_name"
"KBO-2025-S3-E47","SSG 랜더스","신지환","P","55860","now","SSG","좌투좌타","/Record/Player/PitcherDetail/Basic.aspx?playerId=55860","exact_team_name"
"KBO-2025-S3-H44","SSG 랜더스","안상현","IF","66864","now","SSG","우투우타","/Record/Player/HitterDetail/Basic.aspx?playerId=66864","exact_team_name"
"KBO-2025-S3-E59","SSG 랜더스","앤더슨","P","54833","retire","SSG","우투우타","/Record/Retire/Pitcher.aspx?playerId=54833","exact_team_name"
"KBO-2025-S3-H61","SSG 랜더스","에레디아","OF","53827","now","SSG","좌투우타","/Record/Player/HitterDetail/Basic.aspx?playerId=53827","exact_team_name"
"KBO-2025-S3-H51","SSG 랜더스","오태곤","OF","60558","now","SSG","우투우타","/Record/Player/HitterDetail/Basic.aspx?playerId=60558","exact_team_name"
"KBO-2025-S3-E49","SSG 랜더스","이건욱","P","64861","now","SSG","우투우타","/Record/Player/PitcherDetail/Basic.aspx?playerId=64861","exact_team_name"
"KBO-2025-S3-E50","SSG 랜더스","이로운","P","53892","now","SSG","우투우타","/Record/Player/PitcherDetail/Basic.aspx?playerId=53892","exact_team_name"
"KBO-2025-S3-H52","SSG 랜더스","이승민","OF","54806","now","SSG","좌투좌타","/Record/Player/HitterDetail/Basic.aspx?playerId=54806","exact_team_name"
"KBO-2025-S3-H33","SSG 랜더스","이율예","C","55832","now","상무","우투우타","/Futures/Player/HitterDetail.aspx?playerId=55832","current_name"
"KBO-2025-S3-H53","SSG 랜더스","이정범","OF","67807","now","KT","좌투좌타","/Record/Player/HitterDetail/Basic.aspx?playerId=67807","current_name"
"KBO-2025-S3-H34","SSG 랜더스","이지영","C","79456","now","SSG","우투우타","/Record/Player/HitterDetail/Basic.aspx?playerId=79456","exact_team_name"
"KBO-2025-M148","SSG 랜더스","임근우","OF","52807","now","SSG","우투우타","/Record/Player/HitterDetail/Basic.aspx?playerId=52807","exact_team_name"
"KBO-2025-S3-E51","SSG 랜더스","장지훈","P","51895","now","SSG","우투우타","/Record/Player/PitcherDetail/Basic.aspx?playerId=51895","exact_team_name"
"KBO-2025-S3-E52","SSG 랜더스","전영준","P","52809","now","SSG","우투우타","/Record/Player/PitcherDetail/Basic.aspx?playerId=52809","exact_team_name"
"KBO-2025-S3-E53","SSG 랜더스","정동윤","P","66858","now","SSG","우투좌타","/Record/Player/PitcherDetail/Basic.aspx?playerId=66858","exact_team_name"
"KBO-2025-S3-H45","SSG 랜더스","정준재","IF","54812","now","SSG","우투좌타","/Record/Player/HitterDetail/Basic.aspx?playerId=54812","exact_team_name"
"KBO-2025-S3-E54","SSG 랜더스","조병현","P","51897","now","SSG","우투우타","/Record/Player/PitcherDetail/Basic.aspx?playerId=51897","exact_team_name"
"KBO-2025-S3-H35","SSG 랜더스","조형우","C","51865","now","SSG","우투우타","/Record/Player/HitterDetail/Basic.aspx?playerId=51865","exact_team_name"
"KBO-2025-S3-H55","SSG 랜더스","채현우","OF","69804","now","SSG","우투우타","/Record/Player/HitterDetail/Basic.aspx?playerId=69804","exact_team_name"
"KBO-2025-S3-E55","SSG 랜더스","천범석","P","55890","now","SSG","우투우타","/Record/Player/PitcherDetail/Basic.aspx?playerId=55890","exact_team_name"
"KBO-2025-S3-E56","SSG 랜더스","최민준","P","68856","now","SSG","우투우타","/Record/Player/PitcherDetail/Basic.aspx?playerId=68856","exact_team_name"
"KBO-2025-M14","SSG 랜더스","최윤석","IF","55894","now","SSG","우투우타","/Record/Player/HitterDetail/Basic.aspx?playerId=55894","exact_team_name"
"KBO-2025-S3-H46","SSG 랜더스","최정","IF","75847","now","SSG","우투우타","/Record/Player/HitterDetail/Basic.aspx?playerId=75847","exact_team_name"
"KBO-2025-S3-H47","SSG 랜더스","최준우","IF","68868","now","SSG","우투좌타","/Record/Player/HitterDetail/Basic.aspx?playerId=68868","exact_team_name"
"KBO-2025-S3-H58","SSG 랜더스","최지훈","OF","50854","now","SSG","우투좌타","/Record/Player/HitterDetail/Basic.aspx?playerId=50854","exact_team_name"
"KBO-2025-S3-E57","SSG 랜더스","최현석","P","54803","now","상무","우투우타","/Futures/Player/PitcherDetail.aspx?playerId=54803","current_name"
"KBO-2025-S3-H59","SSG 랜더스","하재훈","OF","69813","now","울산","우투우타","/Futures/Player/HitterDetail.aspx?playerId=69813","current_name"
"KBO-2025-S3-E58","SSG 랜더스","한두솔","P","68092","now","SSG","좌투좌타","/Record/Player/PitcherDetail/Basic.aspx?playerId=68092","exact_team_name"
"KBO-2025-S3-H60","SSG 랜더스","한유섬","OF","62895","now","SSG","우투좌타","/Record/Player/HitterDetail/Basic.aspx?playerId=62895","exact_team_name"
"KBO-2025-S3-H48","SSG 랜더스","현원회","IF","50840","now","SSG","우투우타","/Record/Player/HitterDetail/Basic.aspx?playerId=50840","exact_team_name"
"KBO-2025-M15","SSG 랜더스","홍대인","IF","55897","now","SSG","우투좌타","/Record/Player/HitterDetail/Basic.aspx?playerId=55897","exact_team_name"
"KBO-2025-S3-E60","SSG 랜더스","화이트","P","55855","now","SSG","우투우타","/Record/Player/PitcherDetail/Basic.aspx?playerId=55855","exact_team_name"
"KBO-2025-S2-H43","두산 베어스","강승호","IF","63123","now","두산","우투우타","/Record/Player/HitterDetail/Basic.aspx?playerId=63123","exact_team_name"
"KBO-2025-S2-H56","두산 베어스","강현구","OF","51269","retire","두산","우투우타","/Record/Retire/Hitter.aspx?playerId=51269","exact_team_name"
"KBO-2025-M16","두산 베어스","고효준","P","72523","now","울산","좌투좌타","/Futures/Player/PitcherDetail.aspx?playerId=72523","current_name"
"KBO-2025-S2-E38","두산 베어스","곽빈","P","68220","now","두산","우투우타","/Record/Player/PitcherDetail/Basic.aspx?playerId=68220","exact_team_name"
"KBO-2025-S2-H38","두산 베어스","김기연","C","66112","now","두산","우투우타","/Record/Player/HitterDetail/Basic.aspx?playerId=66112","exact_team_name"
"KBO-2025-S2-H57","두산 베어스","김대한","OF","69238","now","두산","우투우타","/Record/Player/HitterDetail/Basic.aspx?playerId=69238","exact_team_name"
"KBO-2025-S2-H44","두산 베어스","김동준","IF","52267","now","두산","좌투좌타","/Record/Player/HitterDetail/Basic.aspx?playerId=52267","exact_team_name"
"KBO-2025-S2-E40","두산 베어스","김명신","P","67246","now","두산","우투우타","/Record/Player/PitcherDetail/Basic.aspx?playerId=67246","exact_team_name"
"KBO-2025-S2-E42","두산 베어스","김민규","P","68200","now","두산","우투좌타","/Record/Player/PitcherDetail/Basic.aspx?playerId=68200","exact_team_name"
"KBO-2025-S2-H58","두산 베어스","김민석","OF","53554","now","두산","우투좌타","/Record/Player/HitterDetail/Basic.aspx?playerId=53554","exact_team_name"
"KBO-2025-S2-H45","두산 베어스","김민혁","IF","65269","now","두산","우투우타","/Record/Player/HitterDetail/Basic.aspx?playerId=65269","exact_team_name"
"KBO-2025-M186","두산 베어스","김성재","C","55216","now","두산","우투우타","/Futures/Player/HitterDetail.aspx?playerId=55216","exact_team_name"
"KBO-2025-S2-E43","두산 베어스","김유성","P","53262","now","두산","우투우타","/Record/Player/PitcherDetail/Basic.aspx?playerId=53262","exact_team_name"
"KBO-2025-S2-H59","두산 베어스","김인태","OF","63257","now","두산","좌투좌타","/Record/Player/HitterDetail/Basic.aspx?playerId=63257","exact_team_name"
"KBO-2025-S2-H60","두산 베어스","김재환","OF","78224","now","SSG","우투좌타","/Record/Player/HitterDetail/Basic.aspx?playerId=78224","current_name"
"KBO-2025-S2-E44","두산 베어스","김정우","P","68830","now","두산","우투우타","/Record/Player/PitcherDetail/Basic.aspx?playerId=68830","exact_team_name"
"KBO-2025-M65","두산 베어스","김준상","IF","55226","now","두산","우투좌타","/Futures/Player/HitterDetail.aspx?playerId=55226","exact_team_name"
"KBO-2025-S2-E45","두산 베어스","김택연","P","54263","now","두산","우투우타","/Record/Player/PitcherDetail/Basic.aspx?playerId=54263","exact_team_name"
"KBO-2025-M113","두산 베어스","김한중","P","55221","now","두산","우투우타","/Record/Player/PitcherDetail/Basic.aspx?playerId=55221","exact_team_name"
"KBO-2025-S2-E46","두산 베어스","김호준","P","68269","now","두산","좌투좌타","/Record/Player/PitcherDetail/Basic.aspx?playerId=68269","exact_team_name"
"KBO-2025-S2-H39","두산 베어스","류현준","C","54219","now","두산","우투우타","/Record/Player/HitterDetail/Basic.aspx?playerId=54219","exact_team_name"
"KBO-2025-S2-H46","두산 베어스","박계범","IF","64468","now","삼성","우투우타","/Record/Player/HitterDetail/Basic.aspx?playerId=64468","current_name"
"KBO-2025-S2-H40","두산 베어스","박민준","C","53204","now","두산","우투우타","/Record/Player/HitterDetail/Basic.aspx?playerId=53204","exact_team_name"
"KBO-2025-M136","두산 베어스","박성재","C","51298","now","두산","우투우타","/Record/Player/HitterDetail/Basic.aspx?playerId=51298","exact_team_name"
"KBO-2025-S2-E47","두산 베어스","박신지","P","68249","now","두산","우투우타","/Record/Player/PitcherDetail/Basic.aspx?playerId=68249","exact_team_name"
"KBO-2025-S2-E48","두산 베어스","박정수","P","65639","now","두산","우언좌타","/Record/Player/PitcherDetail/Basic.aspx?playerId=65639","exact_team_name"
"KBO-2025-S2-H47","두산 베어스","박준순","IF","55252","now","두산","우투우타","/Record/Player/HitterDetail/Basic.aspx?playerId=55252","exact_team_name"
"KBO-2025-S2-H48","두산 베어스","박준영","IF","66928","retire","두산","우투우타","/Record/Retire/Hitter.aspx?playerId=66928","exact_team_name"
"KBO-2025-S2-E49","두산 베어스","박지호","P","54213","now","상무","좌투좌타","/Futures/Player/PitcherDetail.aspx?playerId=54213","current_name"
"KBO-2025-S2-H49","두산 베어스","박지훈","IF","50204","now","두산","우투우타","/Record/Player/HitterDetail/Basic.aspx?playerId=50204","exact_team_name"
"KBO-2025-S2-E50","두산 베어스","박치국","P","67266","now","두산","우언우타","/Record/Player/PitcherDetail/Basic.aspx?playerId=67266","exact_team_name"
"KBO-2025-M130","두산 베어스","안재석","IF","51203","now","두산","우투좌타","/Record/Player/HitterDetail/Basic.aspx?playerId=51203","exact_team_name"
"KBO-2025-S2-H50","두산 베어스","양석환","IF","64153","now","두산","우투우타","/Record/Player/HitterDetail/Basic.aspx?playerId=64153","exact_team_name"
"KBO-2025-S2-H41","두산 베어스","양의지","C","76232","now","두산","우투우타","/Record/Player/HitterDetail/Basic.aspx?playerId=76232","exact_team_name"
"KBO-2025-M50","두산 베어스","양재훈","P","55215","now","두산","우투우타","/Record/Player/PitcherDetail/Basic.aspx?playerId=55215","exact_team_name"
"KBO-2025-S2-H51","두산 베어스","여동건","IF","54205","now","상무","우투우타","/Futures/Player/HitterDetail.aspx?playerId=54205","current_name"
"KBO-2025-S2-H52","두산 베어스","오명진","IF","50208","now","두산","우투좌타","/Record/Player/HitterDetail/Basic.aspx?playerId=50208","exact_team_name"
"KBO-2025-S2-E51","두산 베어스","윤태호","P","52202","now","두산","우투우타","/Record/Player/PitcherDetail/Basic.aspx?playerId=52202","exact_team_name"
"KBO-2025-S2-E52","두산 베어스","이교훈","P","69205","now","한화","좌투좌타","/Record/Player/PitcherDetail/Basic.aspx?playerId=69205","current_name"
"KBO-2025-S2-E53","두산 베어스","이병헌","P","52204","now","두산","좌투좌타","/Record/Player/PitcherDetail/Basic.aspx?playerId=52204","exact_team_name"
"KBO-2025-S2-H53","두산 베어스","이선우","IF","55224","now","두산","우투좌타","/Futures/Player/HitterDetail.aspx?playerId=55224","exact_team_name"
"KBO-2025-S2-E54","두산 베어스","이승진","P","64805","retire","두산","우투우타","/Record/Retire/Pitcher.aspx?playerId=64805","exact_team_name"
"KBO-2025-S2-E55","두산 베어스","이영하","P","66291","now","두산","우투우타","/Record/Player/PitcherDetail/Basic.aspx?playerId=66291","exact_team_name"
"KBO-2025-S2-H54","두산 베어스","이유찬","IF","67207","now","두산","우투우타","/Record/Player/HitterDetail/Basic.aspx?playerId=67207","exact_team_name"
"KBO-2025-S2-H55","두산 베어스","임종성","IF","54236","now","두산","우투우타","/Record/Player/HitterDetail/Basic.aspx?playerId=54236","exact_team_name"
"KBO-2025-S2-H42","두산 베어스","장승현","C","63202","now","삼성","우투우타","/Record/Player/HitterDetail/Basic.aspx?playerId=63202","current_name"
"KBO-2025-S2-E65","두산 베어스","잭로그","P","55239","now","두산","좌투좌타","/Record/Player/PitcherDetail/Basic.aspx?playerId=55239","exact_team_name"
"KBO-2025-S2-H61","두산 베어스","전다민","OF","54214","now","두산","우투좌타","/Record/Player/HitterDetail/Basic.aspx?playerId=54214","exact_team_name"
"KBO-2025-S2-H62","두산 베어스","정수빈","OF","79231","now","두산","좌투좌타","/Record/Player/HitterDetail/Basic.aspx?playerId=79231","exact_team_name"
"KBO-2025-M51","두산 베어스","제환유","P","50211","now","두산","우투좌타","/Futures/Player/PitcherDetail.aspx?playerId=50211","exact_team_name"
"KBO-2025-S2-H63","두산 베어스","조수행","OF","66209","now","두산","우투좌타","/Record/Player/HitterDetail/Basic.aspx?playerId=66209","exact_team_name"
"KBO-2025-M180","두산 베어스","천현재","OF","52208","now","두산","우투좌타","/Futures/Player/HitterDetail.aspx?playerId=52208","exact_team_name"
"KBO-2025-S2-E56","두산 베어스","최민석","P","55268","now","두산","우투우타","/Record/Player/PitcherDetail/Basic.aspx?playerId=55268","exact_team_name"
"KBO-2025-S2-E57","두산 베어스","최승용","P","51264","now","두산","좌투좌타","/Record/Player/PitcherDetail/Basic.aspx?playerId=51264","exact_team_name"
"KBO-2025-S2-E58","두산 베어스","최원준","P","67263","now","두산","우언우타","/Record/Player/PitcherDetail/Basic.aspx?playerId=67263","exact_team_name"
"KBO-2025-S2-E59","두산 베어스","최종인","P","50206","now","두산","우투우타","/Record/Player/PitcherDetail/Basic.aspx?playerId=50206","exact_team_name"
"KBO-2025-S2-E60","두산 베어스","최준호","P","53259","now","두산","우투우타","/Record/Player/PitcherDetail/Basic.aspx?playerId=53259","exact_team_name"
"KBO-2025-S2-E61","두산 베어스","최지강","P","52206","now","두산","우투좌타","/Record/Player/PitcherDetail/Basic.aspx?playerId=52206","exact_team_name"
"KBO-2025-S2-H64","두산 베어스","추재현","OF","68362","now","키움","좌투좌타","/Record/Player/HitterDetail/Basic.aspx?playerId=68362","current_name"
"KBO-2025-S2-H65","두산 베어스","케이브","OF","55208","retire","두산","좌투좌타","/Record/Retire/Hitter.aspx?playerId=55208","exact_team_name"
"KBO-2025-S2-E66","두산 베어스","콜어빈","P","55257","retire","두산","좌투좌타","/Record/Retire/Pitcher.aspx?playerId=55257","exact_team_name"
"KBO-2025-S2-E62","두산 베어스","홍건희","P","61643","now","KIA","우투우타","/Record/Player/PitcherDetail/Basic.aspx?playerId=61643","current_name"
"KBO-2025-S2-E63","두산 베어스","홍민규","P","55267","now","KIA","우투좌타","/Record/Player/PitcherDetail/Basic.aspx?playerId=55267","current_name"
"KBO-2025-M178","두산 베어스","홍성호","OF","66233","now","두산","우투좌타","/Record/Player/HitterDetail/Basic.aspx?playerId=66233","exact_team_name"
"KBO-2025-S2-E64","두산 베어스","황희천","P","55258","now","두산","좌투좌타","/Futures/Player/PitcherDetail.aspx?playerId=55258","exact_team_name"
"KBO-2025-M56","롯데 자이언츠","감보아","P","55532","retire","롯데","좌투양타","/Record/Retire/Pitcher.aspx?playerId=55532","exact_team_name"
"KBO-2025-S4-H6","롯데 자이언츠","강승구","C","54506","now","롯데","우투우타","/Futures/Player/HitterDetail.aspx?playerId=54506","exact_team_name"
"KBO-2025-S4-H14","롯데 자이언츠","고승민","IF","69517","now","롯데","우투좌타","/Record/Player/HitterDetail/Basic.aspx?playerId=69517","exact_team_name"
"KBO-2025-S4-E7","롯데 자이언츠","구승민","P","63543","now","롯데","우투우타","/Record/Player/PitcherDetail/Basic.aspx?playerId=63543","exact_team_name"
"KBO-2025-S4-E8","롯데 자이언츠","김강현","P","65522","now","롯데","우투좌타","/Record/Player/PitcherDetail/Basic.aspx?playerId=65522","exact_team_name"
"KBO-2025-S4-E9","롯데 자이언츠","김도규","P","68585","now","울산","우투우타","/Futures/Player/PitcherDetail.aspx?playerId=68585","current_name"
"KBO-2025-S4-H26","롯데 자이언츠","김동혁","OF","52504","now","롯데","좌투좌타","/Record/Player/HitterDetail/Basic.aspx?playerId=52504","exact_team_name"
"KBO-2025-M17","롯데 자이언츠","김동현","OF","55502","now","롯데","우투좌타","/Record/Player/HitterDetail/Basic.aspx?playerId=55502","exact_team_name"
"KBO-2025-S4-H15","롯데 자이언츠","김민성","IF","77564","now","롯데","우투우타","/Record/Player/HitterDetail/Basic.aspx?playerId=77564","exact_team_name"
"KBO-2025-S4-E10","롯데 자이언츠","김상수","P","76430","manual","","","/Record/Player/PitcherDetail/Basic.aspx?playerId=76430","manual_official_id"
"KBO-2025-M172","롯데 자이언츠","김세민","IF","52514","now","롯데","우투우타","/Record/Player/HitterDetail/Basic.aspx?playerId=52514","exact_team_name"
"KBO-2025-S4-E11","롯데 자이언츠","김원중","P","62528","now","롯데","우투좌타","/Record/Player/PitcherDetail/Basic.aspx?playerId=62528","exact_team_name"
"KBO-2025-S4-E12","롯데 자이언츠","김진욱","P","51516","now","롯데","좌투좌타","/Record/Player/PitcherDetail/Basic.aspx?playerId=51516","exact_team_name"
"KBO-2025-S4-E13","롯데 자이언츠","김태현","P","55566","retire","롯데","좌투좌타","/Record/Retire/Pitcher.aspx?playerId=55566","exact_team_name"
"KBO-2025-S4-E14","롯데 자이언츠","나균안","P","67539","now","롯데","우투우타","/Record/Player/PitcherDetail/Basic.aspx?playerId=67539","exact_team_name"
"KBO-2025-S4-H16","롯데 자이언츠","나승엽","IF","51551","now","롯데","우투좌타","/Record/Player/HitterDetail/Basic.aspx?playerId=51551","exact_team_name"
"KBO-2025-S4-H17","롯데 자이언츠","노진혁","IF","62931","now","롯데","우투좌타","/Record/Player/HitterDetail/Basic.aspx?playerId=62931","exact_team_name"
"KBO-2025-S4-H34","롯데 자이언츠","레이예스","OF","54529","now","롯데","우투양타","/Record/Player/HitterDetail/Basic.aspx?playerId=54529","exact_team_name"
"KBO-2025-M179","롯데 자이언츠","박건우","C","55509","now","롯데","우투우타","/Record/Player/HitterDetail/Basic.aspx?playerId=55509","exact_team_name_position"
"KBO-2025-S4-E15","롯데 자이언츠","박세웅","P","64021","now","롯데","우투우타","/Record/Player/PitcherDetail/Basic.aspx?playerId=64021","exact_team_name"
"KBO-2025-S3-E5","롯데 자이언츠","박세진","P","66047","now","롯데","좌투좌타","/Record/Player/PitcherDetail/Basic.aspx?playerId=66047","exact_team_name"
"KBO-2025-S4-E16","롯데 자이언츠","박세현","P","55568","now","롯데","우투우타","/Futures/Player/PitcherDetail.aspx?playerId=55568","exact_team_name"
"KBO-2025-S4-H18","롯데 자이언츠","박승욱","IF","62802","now","롯데","우투좌타","/Record/Player/HitterDetail/Basic.aspx?playerId=62802","exact_team_name"
"KBO-2025-S4-E17","롯데 자이언츠","박시영","P","60559","now","롯데","우투우타","/Record/Player/PitcherDetail/Basic.aspx?playerId=60559","exact_team_name"
"KBO-2025-S4-H7","롯데 자이언츠","박재엽","C","55563","now","롯데","우투우타","/Record/Player/HitterDetail/Basic.aspx?playerId=55563","exact_team_name"
"KBO-2025-S4-E18","롯데 자이언츠","박준우","P","54503","now","롯데","우투우타","/Record/Player/PitcherDetail/Basic.aspx?playerId=54503","exact_team_name"
"KBO-2025-S4-E19","롯데 자이언츠","박진","P","69594","now","롯데","우투우타","/Record/Player/PitcherDetail/Basic.aspx?playerId=69594","exact_team_name"
"KBO-2025-S4-E20","롯데 자이언츠","박진형","P","63512","now","키움","우투우타","/Record/Player/PitcherDetail/Basic.aspx?playerId=63512","current_name"
"KBO-2025-M95","롯데 자이언츠","박찬형","IF","55530","now","롯데","우투좌타","/Record/Player/HitterDetail/Basic.aspx?playerId=55530","exact_team_name"
"KBO-2025-S4-H8","롯데 자이언츠","백두산","C","54507","retire","롯데","우투우타","/Record/Retire/Hitter.aspx?playerId=54507","exact_team_name"
"KBO-2025-M157","롯데 자이언츠","벨라스케즈","P","55526","retire","롯데","우투우타","/Record/Retire/Pitcher.aspx?playerId=55526","exact_team_name"
"KBO-2025-S4-H10","롯데 자이언츠","손성빈","C","51528","now","롯데","우투우타","/Record/Player/HitterDetail/Basic.aspx?playerId=51528","exact_team_name"
"KBO-2025-S4-H19","롯데 자이언츠","손호영","IF","50150","now","롯데","우투우타","/Record/Player/HitterDetail/Basic.aspx?playerId=50150","exact_team_name"
"KBO-2025-S4-E21","롯데 자이언츠","송재영","P","51594","now","롯데","좌투좌타","/Record/Player/PitcherDetail/Basic.aspx?playerId=51594","exact_team_name"
"KBO-2025-S4-E22","롯데 자이언츠","신병률","P","68067","retire","롯데","우언우타","/Record/Retire/Pitcher.aspx?playerId=68067","exact_team_name"
"KBO-2025-S4-H20","롯데 자이언츠","신윤후","IF","69508","now","롯데","우투우타","/Record/Player/HitterDetail/Basic.aspx?playerId=69508","exact_team_name"
"KBO-2025-S4-E23","롯데 자이언츠","심재민","P","64017","now","울산","좌투우타","/Futures/Player/PitcherDetail.aspx?playerId=64017","current_name"
"KBO-2025-S4-H11","롯데 자이언츠","유강남","C","61102","now","롯데","우투우타","/Record/Player/HitterDetail/Basic.aspx?playerId=61102","exact_team_name"
"KBO-2025-S4-H27","롯데 자이언츠","윤동희","OF","52591","now","롯데","우투우타","/Record/Player/HitterDetail/Basic.aspx?playerId=52591","exact_team_name"
"KBO-2025-S4-E24","롯데 자이언츠","윤성빈","P","67588","now","롯데","우투우타","/Record/Player/PitcherDetail/Basic.aspx?playerId=67588","exact_team_name"
"KBO-2025-S4-E25","롯데 자이언츠","이민석","P","52530","now","롯데","우투우타","/Record/Player/PitcherDetail/Basic.aspx?playerId=52530","exact_team_name"
"KBO-2025-S4-E26","롯데 자이언츠","이병준","P","51592","now","롯데","우투우타","/Futures/Player/PitcherDetail.aspx?playerId=51592","exact_team_name"
"KBO-2025-M116","롯데 자이언츠","이영재","P","55503","now","롯데","좌투좌타","/Record/Player/PitcherDetail/Basic.aspx?playerId=55503","exact_team_name"
"KBO-2025-S4-H28","롯데 자이언츠","이인한","OF","50608","now","롯데","우투우타","/Futures/Player/HitterDetail.aspx?playerId=50608","exact_team_name"
"KBO-2025-M18","롯데 자이언츠","이태경","IF","55511","now","상무","우투우타","/Futures/Player/HitterDetail.aspx?playerId=55511","current_name"
"KBO-2025-S4-H21","롯데 자이언츠","이호준","IF","54598","now","롯데","우투좌타","/Record/Player/HitterDetail/Basic.aspx?playerId=54598","exact_team_name"
"KBO-2025-S4-H30","롯데 자이언츠","장두성","OF","68507","now","롯데","우투좌타","/Record/Player/HitterDetail/Basic.aspx?playerId=68507","exact_team_name"
"KBO-2025-S4-H22","롯데 자이언츠","전민재","IF","68205","now","롯데","우투우타","/Record/Player/HitterDetail/Basic.aspx?playerId=68205","exact_team_name"
"KBO-2025-S4-H31","롯데 자이언츠","전준우","OF","78513","now","롯데","우투우타","/Record/Player/HitterDetail/Basic.aspx?playerId=78513","exact_team_name"
"KBO-2025-S4-H12","롯데 자이언츠","정보근","C","68518","now","롯데","우투우타","/Record/Player/HitterDetail/Basic.aspx?playerId=68518","exact_team_name"
"KBO-2025-M169","롯데 자이언츠","정성종","P","68556","now","롯데","우투좌타","/Record/Player/PitcherDetail/Basic.aspx?playerId=68556","exact_team_name"
"KBO-2025-S4-E27","롯데 자이언츠","정우준","P","51546","now","롯데","우투우타","/Futures/Player/PitcherDetail.aspx?playerId=51546","exact_team_name"
"KBO-2025-S4-E28","롯데 자이언츠","정철원","P","68242","now","롯데","우투우타","/Record/Player/PitcherDetail/Basic.aspx?playerId=68242","exact_team_name"
"KBO-2025-S4-E29","롯데 자이언츠","정현수","P","54537","now","롯데","좌투좌타","/Record/Player/PitcherDetail/Basic.aspx?playerId=54537","exact_team_name"
"KBO-2025-S4-H23","롯데 자이언츠","정훈","IF","60523","manual","","","/Record/Player/HitterDetail/Basic.aspx?playerId=60523","manual_official_id"
"KBO-2025-S4-H32","롯데 자이언츠","조세진","OF","52516","now","롯데","우투우타","/Record/Player/HitterDetail/Basic.aspx?playerId=52516","exact_team_name"
"KBO-2025-S4-E31","롯데 자이언츠","진해수","P","76650","retire","롯데","좌투좌타","/Record/Retire/Pitcher.aspx?playerId=76650","exact_team_name"
"KBO-2025-S4-E32","롯데 자이언츠","최준용","P","50556","now","롯데","우투우타","/Record/Player/PitcherDetail/Basic.aspx?playerId=50556","exact_team_name"
"KBO-2025-S4-H24","롯데 자이언츠","최항","IF","62884","now","롯데","우투좌타","/Record/Player/HitterDetail/Basic.aspx?playerId=62884","exact_team_name"
"KBO-2025-M78","롯데 자이언츠","한승현","OF","55506","now","롯데","우투우타","/Futures/Player/HitterDetail.aspx?playerId=55506","exact_team_name"
"KBO-2025-S4-H25","롯데 자이언츠","한태양","IF","52568","now","롯데","우투우타","/Record/Player/HitterDetail/Basic.aspx?playerId=52568","exact_team_name"
"KBO-2025-S4-E33","롯데 자이언츠","한현희","P","62363","now","롯데","우언우타","/Record/Player/PitcherDetail/Basic.aspx?playerId=62363","exact_team_name"
"KBO-2025-S4-E34","롯데 자이언츠","현도훈","P","68260","now","롯데","우투좌타","/Record/Player/PitcherDetail/Basic.aspx?playerId=68260","exact_team_name"
"KBO-2025-S4-H3","롯데 자이언츠","홍민기","P","50596","now","롯데","좌투좌타","/Record/Player/PitcherDetail/Basic.aspx?playerId=50596","exact_team_name"
"KBO-2025-S4-H33","롯데 자이언츠","황성빈","OF","50500","now","롯데","우투좌타","/Record/Player/HitterDetail/Basic.aspx?playerId=50500","exact_team_name"
"KBO-2025-M103","삼성 라이온즈","가라비토","P","55460","retire","삼성","우투우타","/Record/Retire/Pitcher.aspx?playerId=55460","exact_team_name"
"KBO-2025-S1-H41","삼성 라이온즈","강민호","C","74540","now","삼성","우투우타","/Record/Player/HitterDetail/Basic.aspx?playerId=74540","exact_team_name"
"KBO-2025-S1-H46","삼성 라이온즈","강한울","IF","64610","retire","삼성","우투좌타","/Record/Retire/Hitter.aspx?playerId=64610","exact_team_name"
"KBO-2025-S1-H47","삼성 라이온즈","공민규","IF","68407","retire","삼성","우투좌타","/Record/Retire/Hitter.aspx?playerId=68407","exact_team_name"
"KBO-2025-S1-H62","삼성 라이온즈","구자욱","OF","62404","now","삼성","우투좌타","/Record/Player/HitterDetail/Basic.aspx?playerId=62404","exact_team_name"
"KBO-2025-S1-E41","삼성 라이온즈","권현우","P","55441","now","삼성","우투우타","/Futures/Player/PitcherDetail.aspx?playerId=55441","exact_team_name"
"KBO-2025-S1-E42","삼성 라이온즈","김대우","P","61365","retire","삼성","우언우타","/Record/Retire/Pitcher.aspx?playerId=61365","exact_team_name"
"KBO-2025-S1-E43","삼성 라이온즈","김대호","P","54401","now","상무","우투우타","/Futures/Player/PitcherDetail.aspx?playerId=54401","current_name"
"KBO-2025-S1-H42","삼성 라이온즈","김도환","C","69442","now","삼성","우투우타","/Record/Player/HitterDetail/Basic.aspx?playerId=69442","exact_team_name"
"KBO-2025-S1-E44","삼성 라이온즈","김무신","P","68403","now","삼성","우투우타","/Record/Player/PitcherDetail/Basic.aspx?playerId=68403","exact_team_name"
"KBO-2025-S1-H43","삼성 라이온즈","김민수","C","72457","retire","삼성","우투우타","/Record/Retire/Pitcher.aspx?playerId=72457","exact_team_name"
"KBO-2025-S1-H63","삼성 라이온즈","김성윤","OF","67449","now","삼성","좌투좌타","/Record/Player/HitterDetail/Basic.aspx?playerId=67449","exact_team_name"
"KBO-2025-S1-H48","삼성 라이온즈","김영웅","IF","52430","now","삼성","우투좌타","/Record/Player/HitterDetail/Basic.aspx?playerId=52430","exact_team_name"
"KBO-2025-S1-H44","삼성 라이온즈","김재성","C","65132","now","삼성","우투좌타","/Record/Player/HitterDetail/Basic.aspx?playerId=65132","exact_team_name"
"KBO-2025-S1-E45","삼성 라이온즈","김재윤","P","65062","now","삼성","우투우타","/Record/Player/PitcherDetail/Basic.aspx?playerId=65062","exact_team_name"
"KBO-2025-S1-H64","삼성 라이온즈","김재혁","OF","52424","now","삼성","우투우타","/Record/Player/HitterDetail/Basic.aspx?playerId=52424","exact_team_name"
"KBO-2025-S1-H65","삼성 라이온즈","김지찬","OF","50458","now","삼성","우투좌타","/Record/Player/HitterDetail/Basic.aspx?playerId=50458","exact_team_name"
"KBO-2025-M19","삼성 라이온즈","김태근","OF","69207","retire","삼성","우투우타","/Record/Retire/Hitter.aspx?playerId=69207","exact_team_name"
"KBO-2025-S1-E46","삼성 라이온즈","김태훈","P","62360","now","삼성","우투우타","/Record/Player/PitcherDetail/Basic.aspx?playerId=62360","exact_team_name_position"
"KBO-2025-S1-H66","삼성 라이온즈","김태훈","OF","65040","now","삼성","우투좌타","/Record/Player/HitterDetail/Basic.aspx?playerId=65040","exact_team_name_position"
"KBO-2025-S1-H67","삼성 라이온즈","김헌곤","OF","61404","now","삼성","우투우타","/Record/Player/HitterDetail/Basic.aspx?playerId=61404","exact_team_name"
"KBO-2025-S1-H61","삼성 라이온즈","디아즈","IF","54400","now","삼성","좌투좌타","/Record/Player/HitterDetail/Basic.aspx?playerId=54400","exact_team_name"
"KBO-2025-S1-H50","삼성 라이온즈","류지혁","IF","62234","now","삼성","우투좌타","/Record/Player/HitterDetail/Basic.aspx?playerId=62234","exact_team_name"
"KBO-2025-S1-H51","삼성 라이온즈","박병호","IF","75125","retire","삼성","우투우타","/Record/Retire/Hitter.aspx?playerId=75125","exact_team_name"
"KBO-2025-M60","삼성 라이온즈","박승규","OF","69418","now","삼성","우투우타","/Record/Player/HitterDetail/Basic.aspx?playerId=69418","exact_team_name"
"KBO-2025-M134","삼성 라이온즈","박진우","C","53411","now","삼성","우투우타","/Record/Player/HitterDetail/Basic.aspx?playerId=53411","exact_team_name"
"KBO-2025-S1-E47","삼성 라이온즈","배찬승","P","55455","now","삼성","좌투좌타","/Record/Player/PitcherDetail/Basic.aspx?playerId=55455","exact_team_name"
"KBO-2025-S1-E48","삼성 라이온즈","백정현","P","77446","now","삼성","좌투좌타","/Record/Player/PitcherDetail/Basic.aspx?playerId=77446","exact_team_name"
"KBO-2025-S1-E49","삼성 라이온즈","송은범","P","73801","retire","삼성","우투우타","/Record/Retire/Pitcher.aspx?playerId=73801","exact_team_name"
"KBO-2025-S1-H52","삼성 라이온즈","심재훈","IF","55438","now","삼성","우투우타","/Record/Player/HitterDetail/Basic.aspx?playerId=55438","exact_team_name"
"KBO-2025-S1-H53","삼성 라이온즈","안주형","IF","66406","retire","삼성","우투좌타","/Record/Retire/Hitter.aspx?playerId=66406","exact_team_name"
"KBO-2025-S1-H54","삼성 라이온즈","양도근","IF","54408","now","상무","우투우타","/Futures/Player/HitterDetail.aspx?playerId=54408","current_name"
"KBO-2025-S1-H55","삼성 라이온즈","양우현","IF","69403","now","삼성","우투좌타","/Record/Player/HitterDetail/Basic.aspx?playerId=69403","exact_team_name"
"KBO-2025-S1-E50","삼성 라이온즈","양창섭","P","68415","now","삼성","우투우타","/Record/Player/PitcherDetail/Basic.aspx?playerId=68415","exact_team_name"
"KBO-2025-S1-E51","삼성 라이온즈","양현","P","61268","now","삼성","우언우타","/Record/Player/PitcherDetail/Basic.aspx?playerId=61268","exact_team_name"
"KBO-2025-S1-E52","삼성 라이온즈","오승환","P","75421","retire","삼성","우투우타","/Record/Retire/Pitcher.aspx?playerId=75421","exact_team_name"
"KBO-2025-S1-E53","삼성 라이온즈","원태인","P","69446","now","삼성","우투우타","/Record/Player/PitcherDetail/Basic.aspx?playerId=69446","exact_team_name"
"KBO-2025-S1-E54","삼성 라이온즈","육선엽","P","54404","now","삼성","우투우타","/Record/Player/PitcherDetail/Basic.aspx?playerId=54404","exact_team_name"
"KBO-2025-S1-H68","삼성 라이온즈","윤정빈","OF","68463","now","삼성","우투좌타","/Record/Player/HitterDetail/Basic.aspx?playerId=68463","exact_team_name"
"KBO-2025-S1-H45","삼성 라이온즈","이병헌","C","69428","now","삼성","우투우타","/Record/Player/HitterDetail/Basic.aspx?playerId=69428","exact_team_name"
"KBO-2025-S1-E55","삼성 라이온즈","이상민","P","63960","retire","삼성","좌투좌타","/Record/Player/PitcherDetail/Basic.aspx?playerId=63960","manual_official_id"
"KBO-2025-S1-H69","삼성 라이온즈","이성규","OF","66409","now","삼성","우투우타","/Record/Player/HitterDetail/Basic.aspx?playerId=66409","exact_team_name"
"KBO-2025-S1-E56","삼성 라이온즈","이승민","P","50464","now","삼성","좌투좌타","/Record/Player/PitcherDetail/Basic.aspx?playerId=50464","exact_team_name"
"KBO-2025-S1-E57","삼성 라이온즈","이승현","P","51454","now","삼성","좌투좌타","/Record/Player/PitcherDetail/Basic.aspx?playerId=51454","exact_team_name"
"KBO-2025-S1-E58","삼성 라이온즈","이승현","P","60146","now","삼성","우투우타","/Record/Player/PitcherDetail/Basic.aspx?playerId=60146","exact_team_name"
"KBO-2025-S1-E59","삼성 라이온즈","이재익","P","63492","now","삼성","좌투좌타","/Record/Player/PitcherDetail/Basic.aspx?playerId=63492","exact_team_name"
"KBO-2025-S1-H56","삼성 라이온즈","이재현","IF","52415","now","삼성","우투우타","/Record/Player/HitterDetail/Basic.aspx?playerId=52415","exact_team_name"
"KBO-2025-S1-E60","삼성 라이온즈","이재희","P","51460","now","삼성","우투좌타","/Record/Player/PitcherDetail/Basic.aspx?playerId=51460","exact_team_name"
"KBO-2025-S1-H57","삼성 라이온즈","이창용","IF","51407","now","삼성","우투우타","/Record/Player/HitterDetail/Basic.aspx?playerId=51407","exact_team_name"
"KBO-2025-S1-H58","삼성 라이온즈","이해승","IF","69416","now","삼성","우투우타","/Record/Player/HitterDetail/Basic.aspx?playerId=69416","exact_team_name"
"KBO-2025-S1-E61","삼성 라이온즈","이호성","P","53455","now","삼성","우투우타","/Record/Player/PitcherDetail/Basic.aspx?playerId=53455","exact_team_name"
"KBO-2025-S1-E62","삼성 라이온즈","임창민","P","78352","retire","삼성","우투우타","/Record/Retire/Pitcher.aspx?playerId=78352","exact_team_name"
"KBO-2025-S1-H59","삼성 라이온즈","전병우","IF","65586","now","삼성","우투우타","/Record/Player/HitterDetail/Basic.aspx?playerId=65586","exact_team_name"
"KBO-2025-M27","삼성 라이온즈","정민성","P","54467","now","삼성","우투우타","/Record/Player/PitcherDetail/Basic.aspx?playerId=54467","exact_team_name"
"KBO-2025-S1-H60","삼성 라이온즈","차승준","IF","55435","now","삼성","우투좌타","/Record/Player/HitterDetail/Basic.aspx?playerId=55435","exact_team_name"
"KBO-2025-S1-E63","삼성 라이온즈","최성훈","P","62146","retire","삼성","좌투좌타","/Record/Retire/Pitcher.aspx?playerId=62146","exact_team_name"
"KBO-2025-S1-E64","삼성 라이온즈","최원태","P","65320","now","삼성","우투우타","/Record/Player/PitcherDetail/Basic.aspx?playerId=65320","exact_team_name"
"KBO-2025-S1-E65","삼성 라이온즈","최지광","P","67421","now","삼성","우투우타","/Record/Player/PitcherDetail/Basic.aspx?playerId=67421","exact_team_name"
"KBO-2025-S1-E66","삼성 라이온즈","최충연","P","66451","now","롯데","우투우타","/Record/Player/PitcherDetail/Basic.aspx?playerId=66451","current_name"
"KBO-2025-S1-E67","삼성 라이온즈","최하늘","P","68501","now","삼성","우언우타","/Record/Player/PitcherDetail/Basic.aspx?playerId=68501","exact_team_name"
"KBO-2025-S1-H70","삼성 라이온즈","함수호","OF","55440","now","삼성","좌투좌타","/Record/Player/HitterDetail/Basic.aspx?playerId=55440","exact_team_name"
"KBO-2025-S1-E68","삼성 라이온즈","홍원표","P","50430","now","삼성","우투우타","/Record/Player/PitcherDetail/Basic.aspx?playerId=50430","exact_team_name"
"KBO-2025-S1-H71","삼성 라이온즈","홍현빈","OF","67005","now","삼성","우투좌타","/Record/Player/HitterDetail/Basic.aspx?playerId=67005","exact_team_name"
"KBO-2025-S1-E69","삼성 라이온즈","황동재","P","50441","now","상무","우투우타","/Futures/Player/PitcherDetail.aspx?playerId=50441","current_name"
"KBO-2025-S1-E71","삼성 라이온즈","후라도","P","53375","now","삼성","우투우타","/Record/Player/PitcherDetail/Basic.aspx?playerId=53375","exact_team_name"
"KBO-2025-S5-E59","키움 히어로즈","고영우","IF","54344","now","상무","우투우타","/Futures/Player/HitterDetail.aspx?playerId=54344","current_name"
"KBO-2025-S5-E60","키움 히어로즈","권혁빈","IF","55371","now","키움","우투우타","/Record/Player/HitterDetail/Basic.aspx?playerId=55371","exact_team_name"
"KBO-2025-S5-E54","키움 히어로즈","김건희","C","53312","now","키움","우투우타","/Record/Player/HitterDetail/Basic.aspx?playerId=53312","exact_team_name"
"KBO-2025-S5-B55","키움 히어로즈","김동규","P","53164","now","키움","우투우타","/Record/Player/PitcherDetail/Basic.aspx?playerId=53164","exact_team_name"
"KBO-2025-S5-H50","키움 히어로즈","김동엽","OF","66838","now","울산","우투우타","/Futures/Player/HitterDetail.aspx?playerId=66838","current_name"
"KBO-2025-S5-E55","키움 히어로즈","김동헌","C","53344","now","키움","우투우타","/Record/Player/HitterDetail/Basic.aspx?playerId=53344","exact_team_name"
"KBO-2025-S5-E61","키움 히어로즈","김병휘","IF","50304","now","키움","우투우타","/Record/Player/HitterDetail/Basic.aspx?playerId=50304","exact_team_name"
"KBO-2025-S5-B56","키움 히어로즈","김서준","P","55359","now","키움","우투좌타","/Record/Player/PitcherDetail/Basic.aspx?playerId=55359","exact_team_name"
"KBO-2025-S5-B57","키움 히어로즈","김선기","P","66018","now","키움","우투우타","/Record/Player/PitcherDetail/Basic.aspx?playerId=66018","exact_team_name"
"KBO-2025-S5-B58","키움 히어로즈","김성민","P","67828","now","키움","좌투좌타","/Record/Player/PitcherDetail/Basic.aspx?playerId=67828","exact_team_name"
"KBO-2025-S5-B59","키움 히어로즈","김연주","P","54368","now","키움","우투우타","/Record/Player/PitcherDetail/Basic.aspx?playerId=54368","exact_team_name"
"KBO-2025-S5-E62","키움 히어로즈","김웅빈","IF","65898","now","키움","우투좌타","/Record/Player/HitterDetail/Basic.aspx?playerId=65898","exact_team_name"
"KBO-2025-S5-B60","키움 히어로즈","김윤하","P","54319","now","키움","우투우타","/Record/Player/PitcherDetail/Basic.aspx?playerId=54319","exact_team_name"
"KBO-2025-S5-B61","키움 히어로즈","김인범","P","69367","now","고양","우투우타","/Futures/Player/PitcherDetail.aspx?playerId=69367","current_name"
"KBO-2025-S5-E56","키움 히어로즈","김재현","C","62332","now","키움","우투우타","/Record/Player/HitterDetail/Basic.aspx?playerId=62332","exact_team_name"
"KBO-2025-S5-E63","키움 히어로즈","김태진","IF","64984","now","키움","우투좌타","/Record/Player/HitterDetail/Basic.aspx?playerId=64984","exact_team_name"
"KBO-2025-M154","키움 히어로즈","메르세데스","P","55342","retire","키움","좌투양타","/Record/Retire/Pitcher.aspx?playerId=55342","exact_team_name"
"KBO-2025-S5-E57","키움 히어로즈","박성빈","C","53305","now","키움","우투우타","/Record/Player/HitterDetail/Basic.aspx?playerId=53305","exact_team_name"
"KBO-2025-S5-H51","키움 히어로즈","박수종","OF","52305","now","키움","우투우타","/Record/Player/HitterDetail/Basic.aspx?playerId=52305","exact_team_name"
"KBO-2025-S5-B63","키움 히어로즈","박윤성","P","53301","now","키움","우투우타","/Record/Player/PitcherDetail/Basic.aspx?playerId=53301","exact_team_name"
"KBO-2025-S5-E38","키움 히어로즈","박정훈","P","55394","now","키움","좌투좌타","/Record/Player/PitcherDetail/Basic.aspx?playerId=55394","exact_team_name"
"KBO-2025-S5-E39","키움 히어로즈","박주성","P","69328","now","키움","우투우타","/Record/Player/PitcherDetail/Basic.aspx?playerId=69328","exact_team_name"
"KBO-2025-S5-H52","키움 히어로즈","박주홍","OF","50357","now","키움","좌투좌타","/Record/Player/HitterDetail/Basic.aspx?playerId=50357","exact_team_name"
"KBO-2025-S5-H53","키움 히어로즈","변상권","OF","68305","now","울산","우투좌타","/Futures/Player/HitterDetail.aspx?playerId=68305","current_name"
"KBO-2025-S5-H38","키움 히어로즈","서유신","IF","53309","now","고양","우투우타","/Futures/Player/HitterDetail.aspx?playerId=53309","current_name"
"KBO-2025-S5-E40","키움 히어로즈","손현기","P","54363","now","고양","좌투좌타","/Futures/Player/PitcherDetail.aspx?playerId=54363","current_name"
"KBO-2025-M20","키움 히어로즈","손힘찬","P","55300","now","고양","우투우타","/Futures/Player/PitcherDetail.aspx?playerId=55300","current_name"
"KBO-2025-S5-H39","키움 히어로즈","송성문","IF","65357","retire","키움","우투좌타","/Record/Retire/Hitter.aspx?playerId=65357","exact_team_name"
"KBO-2025-M21","키움 히어로즈","송지후","IF","54394","now","키움","우투우타","/Record/Player/HitterDetail/Basic.aspx?playerId=54394","exact_team_name"
"KBO-2025-M183","키움 히어로즈","안우진","P","68341","now","키움","우투우타","/Record/Player/PitcherDetail/Basic.aspx?playerId=68341","exact_team_name"
"KBO-2025-M68","키움 히어로즈","알칸타라","P","69045","now","키움","우투우타","/Record/Player/PitcherDetail/Basic.aspx?playerId=69045","exact_team_name"
"KBO-2025-S5-E41","키움 히어로즈","양지율","P","67365","now","고양","우투우타","/Futures/Player/PitcherDetail.aspx?playerId=67365","current_name"
"KBO-2025-S5-H40","키움 히어로즈","양현종","IF","55370","now","키움","우투우타","/Record/Player/HitterDetail/Basic.aspx?playerId=55370","exact_team_name"
"KBO-2025-S5-H41","키움 히어로즈","어준서","IF","55392","now","키움","우투좌타","/Record/Player/HitterDetail/Basic.aspx?playerId=55392","exact_team_name"
"KBO-2025-S5-H42","키움 히어로즈","여동욱","IF","55393","now","키움","우투우타","/Record/Player/HitterDetail/Basic.aspx?playerId=55393","exact_team_name"
"KBO-2025-M147","키움 히어로즈","염승원","IF","55339","now","키움","우투좌타","/Record/Player/HitterDetail/Basic.aspx?playerId=55339","exact_team_name"
"KBO-2025-S5-E42","키움 히어로즈","오석주","P","67116","now","키움","우투우타","/Record/Player/PitcherDetail/Basic.aspx?playerId=67116","exact_team_name"
"KBO-2025-S5-H43","키움 히어로즈","오선진","IF","78756","now","키움","우투우타","/Record/Player/HitterDetail/Basic.aspx?playerId=78756","exact_team_name"
"KBO-2025-S5-H54","키움 히어로즈","원성준","OF","54307","now","키움","우투좌타","/Record/Player/HitterDetail/Basic.aspx?playerId=54307","exact_team_name"
"KBO-2025-S5-E43","키움 히어로즈","원종현","P","76118","now","키움","우언우타","/Record/Player/PitcherDetail/Basic.aspx?playerId=76118","exact_team_name"
"KBO-2025-M22","키움 히어로즈","윤석원","P","52395","now","키움","좌투좌타","/Record/Player/PitcherDetail/Basic.aspx?playerId=52395","exact_team_name"
"KBO-2025-S5-E44","키움 히어로즈","윤현","P","55396","now","고양","우투우타","/Futures/Player/PitcherDetail.aspx?playerId=55396","current_name"
"KBO-2025-S5-E45","키움 히어로즈","이강준","P","50036","now","고양","우투우타","/Futures/Player/PitcherDetail.aspx?playerId=50036","current_name"
"KBO-2025-S5-H55","키움 히어로즈","이용규","OF","74163","now","키움","좌투좌타","/Record/Player/HitterDetail/Basic.aspx?playerId=74163","exact_team_name"
"KBO-2025-S5-H45","키움 히어로즈","이원석","IF","75566","retire","키움","우투우타","/Record/Retire/Hitter.aspx?playerId=75566","exact_team_name"
"KBO-2025-S5-H46","키움 히어로즈","이재상","IF","54305","now","고양","우투우타","/Futures/Player/HitterDetail.aspx?playerId=54305","current_name"
"KBO-2025-S5-H47","키움 히어로즈","이주형","IF","51302","now","키움","좌투좌타","/Record/Player/HitterDetail/Basic.aspx?playerId=51302","exact_team_name_position"
"KBO-2025-S5-H56","키움 히어로즈","이주형","OF","50167","now","키움","우투좌타","/Record/Player/HitterDetail/Basic.aspx?playerId=50167","exact_team_name_position"
"KBO-2025-M26","키움 히어로즈","이준우","P","55301","now","키움","우투우타","/Record/Player/PitcherDetail/Basic.aspx?playerId=55301","exact_team_name"
"KBO-2025-S5-H57","키움 히어로즈","이형종","OF","78135","now","키움","우투우타","/Record/Player/HitterDetail/Basic.aspx?playerId=78135","exact_team_name"
"KBO-2025-S5-H58","키움 히어로즈","임병욱","OF","64346","now","키움","우투좌타","/Record/Player/HitterDetail/Basic.aspx?playerId=64346","exact_team_name"
"KBO-2025-S5-H59","키움 히어로즈","임지열","OF","64340","now","키움","우투우타","/Record/Player/HitterDetail/Basic.aspx?playerId=64340","exact_team_name"
"KBO-2025-M62","키움 히어로즈","임진묵","P","55382","now","키움","우투우타","/Record/Player/PitcherDetail/Basic.aspx?playerId=55382","exact_team_name"
"KBO-2025-S5-E48","키움 히어로즈","전준표","P","54362","now","키움","우투우타","/Record/Player/PitcherDetail/Basic.aspx?playerId=54362","exact_team_name"
"KBO-2025-S5-H48","키움 히어로즈","전태현","IF","55397","now","키움","우투좌타","/Record/Player/HitterDetail/Basic.aspx?playerId=55397","exact_team_name"
"KBO-2025-M82","키움 히어로즈","정세영","P","55377","now","키움","좌투좌타","/Record/Player/PitcherDetail/Basic.aspx?playerId=55377","exact_team_name"
"KBO-2025-S5-E49","키움 히어로즈","정현우","P","55313","now","키움","좌투좌타","/Record/Player/PitcherDetail/Basic.aspx?playerId=55313","exact_team_name"
"KBO-2025-S5-E50","키움 히어로즈","조영건","P","69360","now","키움","우투우타","/Record/Player/PitcherDetail/Basic.aspx?playerId=69360","exact_team_name"
"KBO-2025-S5-H61","키움 히어로즈","주성원","OF","69332","now","키움","우투우타","/Record/Player/HitterDetail/Basic.aspx?playerId=69332","exact_team_name"
"KBO-2025-S5-E51","키움 히어로즈","주승우","P","52330","retire","키움","우투우타","/Record/Retire/Pitcher.aspx?playerId=52330","exact_team_name"
"KBO-2025-S5-H49","키움 히어로즈","최주환","IF","76267","now","키움","우투좌타","/Record/Player/HitterDetail/Basic.aspx?playerId=76267","exact_team_name"
"KBO-2025-S5-H62","키움 히어로즈","카디네스","OF","54444","retire","키움","우투우타","/Record/Retire/Hitter.aspx?playerId=54444","exact_team_name"
"KBO-2025-S5-E52","키움 히어로즈","하영민","P","64350","now","키움","우투우타","/Record/Player/PitcherDetail/Basic.aspx?playerId=64350","exact_team_name"
"KBO-2025-M170","한화 이글스","강재민","P","50705","now","한화","우언우타","/Record/Player/PitcherDetail/Basic.aspx?playerId=50705","exact_team_name"
"KBO-2025-S4-H44","한화 이글스","권광민","IF","52769","now","한화","좌투좌타","/Record/Player/HitterDetail/Basic.aspx?playerId=52769","exact_team_name"
"KBO-2025-S4-E38","한화 이글스","권민규","P","55764","now","한화","좌투좌타","/Record/Player/PitcherDetail/Basic.aspx?playerId=55764","exact_team_name"
"KBO-2025-S4-E40","한화 이글스","김기중","P","51715","now","상무","좌투좌타","/Futures/Player/PitcherDetail.aspx?playerId=51715","current_name"
"KBO-2025-S4-E41","한화 이글스","김도빈","P","54705","now","한화","우투우타","/Record/Player/PitcherDetail/Basic.aspx?playerId=54705","exact_team_name"
"KBO-2025-S4-E42","한화 이글스","김민우","P","65764","now","한화","우투우타","/Record/Player/PitcherDetail/Basic.aspx?playerId=65764","exact_team_name"
"KBO-2025-S4-E43","한화 이글스","김범수","P","65769","now","KIA","좌투좌타","/Record/Player/PitcherDetail/Basic.aspx?playerId=65769","current_name"
"KBO-2025-S4-E44","한화 이글스","김서현","P","53754","now","한화","우투우타","/Record/Player/PitcherDetail/Basic.aspx?playerId=53754","exact_team_name"
"KBO-2025-S4-E45","한화 이글스","김승일","P","50711","now","한화","우언우타","/Futures/Player/PitcherDetail.aspx?playerId=50711","exact_team_name"
"KBO-2025-S4-H45","한화 이글스","김인환","IF","66715","retire","한화","우투좌타","/Record/Retire/Hitter.aspx?playerId=66715","exact_team_name"
"KBO-2025-S4-E46","한화 이글스","김종수","P","63765","now","한화","우투우타","/Record/Player/PitcherDetail/Basic.aspx?playerId=63765","exact_team_name"
"KBO-2025-S4-H56","한화 이글스","김태연","OF","66704","now","한화","우투우타","/Record/Player/HitterDetail/Basic.aspx?playerId=66704","exact_team_name"
"KBO-2025-S4-H46","한화 이글스","노시환","IF","69737","now","한화","우투우타","/Record/Player/HitterDetail/Basic.aspx?playerId=69737","exact_team_name"
"KBO-2025-S4-E47","한화 이글스","류현진","P","76715","now","한화","좌투우타","/Record/Player/PitcherDetail/Basic.aspx?playerId=76715","exact_team_name"
"KBO-2025-M125","한화 이글스","리베라토","OF","55703","retire","한화","좌투좌타","/Record/Retire/Hitter.aspx?playerId=55703","exact_team_name"
"KBO-2025-S4-E48","한화 이글스","문동주","P","52701","now","한화","우투우타","/Record/Player/PitcherDetail/Basic.aspx?playerId=52701","exact_team_name"
"KBO-2025-S4-H47","한화 이글스","문현빈","IF","53764","now","한화","우투좌타","/Record/Player/HitterDetail/Basic.aspx?playerId=53764","exact_team_name"
"KBO-2025-S4-H38","한화 이글스","박상언","C","66707","now","한화","우투우타","/Record/Player/HitterDetail/Basic.aspx?playerId=66707","exact_team_name"
"KBO-2025-S4-E49","한화 이글스","박상원","P","67703","now","한화","우투우타","/Record/Player/PitcherDetail/Basic.aspx?playerId=67703","exact_team_name"
"KBO-2025-M105","한화 이글스","박정현","IF","50709","now","한화","우투우타","/Record/Player/HitterDetail/Basic.aspx?playerId=50709","exact_team_name"
"KBO-2025-M188","한화 이글스","박준영","P","52731","now","한화","우투우타","/Record/Player/PitcherDetail/Basic.aspx?playerId=52731","manual_official_id"
"KBO-2025-S4-E50","한화 이글스","배동현","P","51761","now","키움","우투좌타","/Record/Player/PitcherDetail/Basic.aspx?playerId=51761","current_name"
"KBO-2025-S4-E51","한화 이글스","배민서","P","69974","now","한화","우언우타","/Record/Player/PitcherDetail/Basic.aspx?playerId=69974","exact_team_name"
"KBO-2025-S4-H48","한화 이글스","배승수","IF","55798","now","한화","우투우타","/Record/Player/HitterDetail/Basic.aspx?playerId=55798","exact_team_name"
"KBO-2025-S5-H29","한화 이글스","손아섭","OF","77532","now","두산","우투좌타","/Record/Player/HitterDetail/Basic.aspx?playerId=77532","current_name"
"KBO-2025-S4-H49","한화 이글스","심우준","IF","64006","now","한화","우투우타","/Record/Player/HitterDetail/Basic.aspx?playerId=64006","exact_team_name"
"KBO-2025-S4-H50","한화 이글스","안치홍","IF","79608","now","키움","우투우타","/Record/Player/HitterDetail/Basic.aspx?playerId=79608","current_name"
"KBO-2025-S4-E53","한화 이글스","엄상백","P","65056","now","한화","우언우타","/Record/Player/PitcherDetail/Basic.aspx?playerId=65056","exact_team_name"
"KBO-2025-S4-E66","한화 이글스","와이스","P","54755","retire","한화","우투우타","/Record/Retire/Pitcher.aspx?playerId=54755","exact_team_name"
"KBO-2025-M64","한화 이글스","원종혁","P","54702","now","한화","우투우타","/Record/Player/PitcherDetail/Basic.aspx?playerId=54702","exact_team_name"
"KBO-2025-S4-H57","한화 이글스","유로결","OF","69766","now","한화","우투우타","/Record/Player/HitterDetail/Basic.aspx?playerId=69766","exact_team_name"
"KBO-2025-S4-E54","한화 이글스","윤대경","P","63464","retire","한화","우투우타","/Record/Retire/Pitcher.aspx?playerId=63464","exact_team_name"
"KBO-2025-M114","한화 이글스","윤산흠","P","69213","now","한화","우투우타","/Record/Player/PitcherDetail/Basic.aspx?playerId=69213","exact_team_name"
"KBO-2025-S4-H51","한화 이글스","이도윤","IF","65703","now","한화","우투좌타","/Record/Player/HitterDetail/Basic.aspx?playerId=65703","exact_team_name"
"KBO-2025-S4-E55","한화 이글스","이민우","P","65616","now","한화","우투우타","/Record/Player/PitcherDetail/Basic.aspx?playerId=65616","exact_team_name"
"KBO-2025-M61","한화 이글스","이민재","OF","55710","now","상무","우투좌타","/Futures/Player/HitterDetail.aspx?playerId=55710","current_name"
"KBO-2025-S4-E56","한화 이글스","이상규","P","65117","now","한화","우투우타","/Record/Player/PitcherDetail/Basic.aspx?playerId=65117","exact_team_name"
"KBO-2025-S4-H58","한화 이글스","이상혁","OF","52704","now","상무","우투좌타","/Futures/Player/HitterDetail.aspx?playerId=52704","current_name"
"KBO-2025-M29","한화 이글스","이승현","IF","54706","retire","한화","우투우타","/Record/Retire/Hitter.aspx?playerId=54706","exact_team_name"
"KBO-2025-S4-H59","한화 이글스","이원석","OF","68700","now","한화","우투우타","/Record/Player/HitterDetail/Basic.aspx?playerId=68700","exact_team_name"
"KBO-2025-S4-H39","한화 이글스","이재원","C","76812","now","한화","우투우타","/Record/Player/HitterDetail/Basic.aspx?playerId=76812","exact_team_name"
"KBO-2025-S4-H60","한화 이글스","이진영","OF","66657","now","한화","우투우타","/Record/Player/HitterDetail/Basic.aspx?playerId=66657","exact_team_name"
"KBO-2025-S4-E57","한화 이글스","이태양","P","60768","now","KIA","우투좌타","/Record/Player/PitcherDetail/Basic.aspx?playerId=60768","manual_official_id"
"KBO-2025-S4-H61","한화 이글스","임종찬","OF","50704","now","한화","우투좌타","/Record/Player/HitterDetail/Basic.aspx?playerId=50704","exact_team_name"
"KBO-2025-S4-H40","한화 이글스","장규현","C","51762","now","한화","우투좌타","/Record/Player/HitterDetail/Basic.aspx?playerId=51762","exact_team_name"
"KBO-2025-S4-E58","한화 이글스","장민재","P","79764","retire","한화","우투우타","/Record/Retire/Pitcher.aspx?playerId=79764","exact_team_name"
"KBO-2025-S4-E59","한화 이글스","장시환","P","77318","now","LG","우투우타","/Record/Player/PitcherDetail/Basic.aspx?playerId=77318","current_name"
"KBO-2025-S4-E60","한화 이글스","장지수","P","69645","manual","","","/Record/Player/PitcherDetail/Basic.aspx?playerId=69645","manual_official_id"
"KBO-2025-S4-H52","한화 이글스","정민규","IF","51764","now","한화","우투우타","/Record/Player/HitterDetail/Basic.aspx?playerId=51764","exact_team_name"
"KBO-2025-S4-E61","한화 이글스","정우주","P","55743","now","한화","우투우타","/Record/Player/PitcherDetail/Basic.aspx?playerId=55743","exact_team_name"
"KBO-2025-S4-E62","한화 이글스","조동욱","P","54768","now","한화","좌투좌타","/Record/Player/PitcherDetail/Basic.aspx?playerId=54768","exact_team_name"
"KBO-2025-S4-E63","한화 이글스","주현상","P","65707","now","한화","우투우타","/Record/Player/PitcherDetail/Basic.aspx?playerId=65707","exact_team_name"
"KBO-2025-S4-H53","한화 이글스","채은성","IF","79192","now","한화","우투우타","/Record/Player/HitterDetail/Basic.aspx?playerId=79192","exact_team_name"
"KBO-2025-S4-H62","한화 이글스","최인호","OF","50707","now","한화","우투좌타","/Record/Player/HitterDetail/Basic.aspx?playerId=50707","exact_team_name"
"KBO-2025-S4-H41","한화 이글스","최재훈","C","78288","now","한화","우투우타","/Record/Player/HitterDetail/Basic.aspx?playerId=78288","exact_team_name"
"KBO-2025-S4-E67","한화 이글스","폰세","P","55730","retire","한화","우투우타","/Record/Retire/Pitcher.aspx?playerId=55730","exact_team_name"
"KBO-2025-S4-H54","한화 이글스","하주석","IF","62700","now","한화","우투좌타","/Record/Player/HitterDetail/Basic.aspx?playerId=62700","exact_team_name"
"KBO-2025-S4-E64","한화 이글스","한승혁","P","61666","now","KT","우투좌타","/Record/Player/PitcherDetail/Basic.aspx?playerId=61666","current_name"
"KBO-2025-S4-H42","한화 이글스","한지윤","C","55767","now","한화","우투우타","/Record/Player/HitterDetail/Basic.aspx?playerId=55767","exact_team_name"
"KBO-2025-S4-H43","한화 이글스","허인서","C","52764","now","한화","우투우타","/Record/Player/HitterDetail/Basic.aspx?playerId=52764","exact_team_name"
"KBO-2025-S4-H55","한화 이글스","황영묵","IF","54795","now","한화","우투좌타","/Record/Player/HitterDetail/Basic.aspx?playerId=54795","exact_team_name"
"KBO-2025-S4-E65","한화 이글스","황준서","P","54729","now","한화","좌투좌타","/Record/Player/PitcherDetail/Basic.aspx?playerId=54729","exact_team_name"
