"season","kbo_player_id","player_uid","snapshot_team","player_name","position_group","record_team","has_record","source_url","AVG","G","PA","AB","R","H","2B","3B","HR","TB","RBI","SB","CS","BB","HBP","SO","GDP","SLG","OBP","E","OPS"
"2025","50054","KBO-50054","LG 트윈스","천성호","IF","LG","1","https://www.koreabaseball.com/Futures/Player/HitterTotal.aspx?playerId=50054","0.396","15","61","53","13","21","5","0","1","29","11","1","2","6","1","15","1","0.547","0.459","1","1.006"
"2025","50066","KBO-50066","KT 위즈","강현우","C","KT","1","https://www.koreabaseball.com/Futures/Player/HitterTotal.aspx?playerId=50066","0.320","40","122","103","19","33","5","0","4","50","20","0","1","19","0","15","3","0.485","0.426","0","0.911"
"2025","50092","KBO-50092","KT 위즈","윤준혁","IF","KT","1","https://www.koreabaseball.com/Futures/Player/HitterTotal.aspx?playerId=50092","0.318","62","252","214","38","68","13","1","5","98","45","16","2","31","2","39","5","0.458","0.401","5","0.859"
"2025","50108","KBO-50108","LG 트윈스","함창건","OF","LG","1","https://www.koreabaseball.com/Futures/Player/HitterTotal.aspx?playerId=50108","0.313","76","292","252","39","79","13","1","6","112","59","1","1","35","2","48","2","0.444","0.397","2","0.841"
"2025","50150","KBO-50150","롯데 자이언츠","손호영","IF","롯데","1","https://www.koreabaseball.com/Futures/Player/HitterTotal.aspx?playerId=50150","0.500","3","11","10","1","5","1","0","0","6","4","0","0","0","0","2","0","0.600","0.455","1","1.055"
"2025","50167","KBO-50167","키움 히어로즈","이주형","OF","고양","1","https://www.koreabaseball.com/Futures/Player/HitterTotal.aspx?playerId=50167","0.625","3","12","8","2","5","0","0","0","5","4","1","0","4","0","1","0","0.625","0.750","0","1.375"
"2025","50204","KBO-50204","두산 베어스","박지훈","IF","두산","1","https://www.koreabaseball.com/Futures/Player/HitterTotal.aspx?playerId=50204","0.293","46","156","133","25","39","2","1","2","49","16","7","4","16","0","20","3","0.368","0.364","3","0.732"
"2025","50208","KBO-50208","두산 베어스","오명진","IF","두산","1","https://www.koreabaseball.com/Futures/Player/HitterTotal.aspx?playerId=50208","0.200","8","23","20","2","4","0","0","0","4","1","0","0","3","0","6","1","0.200","0.304","0","0.504"
"2025","50304","KBO-50304","키움 히어로즈","김병휘","IF","고양","1","https://www.koreabaseball.com/Futures/Player/HitterTotal.aspx?playerId=50304","0.219","46","93","73","13","16","4","1","0","22","10","0","0","13","5","21","0","0.301","0.370","4","0.671"
"2025","50357","KBO-50357","키움 히어로즈","박주홍","OF","고양","1","https://www.koreabaseball.com/Futures/Player/HitterTotal.aspx?playerId=50357","0.323","18","85","62","18","20","2","0","3","31","14","5","1","20","0","11","1","0.500","0.482","0","0.982"
"2025","50458","KBO-50458","삼성 라이온즈","김지찬","OF","삼성","1","https://www.koreabaseball.com/Futures/Player/HitterTotal.aspx?playerId=50458","0.333","3","10","9","1","3","0","1","0","5","4","0","1","1","0","1","0","0.556","0.400","0","0.956"
"2025","50500","KBO-50500","롯데 자이언츠","황성빈","OF","롯데","1","https://www.koreabaseball.com/Futures/Player/HitterTotal.aspx?playerId=50500","0.227","7","24","22","2","5","1","0","0","6","1","0","0","2","0","4","1","0.273","0.292","0","0.565"
"2025","50600","KBO-50600","NC 다이노스","홍종표","IF","NC","1","https://www.koreabaseball.com/Futures/Player/HitterTotal.aspx?playerId=50600","0.362","33","122","105","25","38","6","0","1","47","14","5","3","16","0","19","0","0.448","0.446","2","0.894"
"2025","50608","KBO-50608","롯데 자이언츠","이인한","OF","롯데","1","https://www.koreabaseball.com/Futures/Player/HitterTotal.aspx?playerId=50608","0.184","45","132","114","21","21","6","1","3","38","16","0","3","11","6","27","2","0.333","0.288","2","0.621"
"2025","50657","KBO-50657","KIA 타이거즈","박민","IF","KIA","1","https://www.koreabaseball.com/Futures/Player/HitterTotal.aspx?playerId=50657","0.273","40","153","139","15","38","7","1","4","59","21","1","0","12","1","26","2","0.424","0.336","6","0.760"
"2025","50704","KBO-50704","한화 이글스","임종찬","OF","한화","1","https://www.koreabaseball.com/Futures/Player/HitterTotal.aspx?playerId=50704","0.260","46","174","154","25","40","5","1","7","68","23","4","1","13","5","44","3","0.442","0.333","1","0.775"
"2025","50707","KBO-50707","한화 이글스","최인호","OF","한화","1","https://www.koreabaseball.com/Futures/Player/HitterTotal.aspx?playerId=50707","0.355","9","41","31","8","11","3","0","0","14","8","1","1","7","0","3","0","0.452","0.439","0","0.891"
"2025","50709","KBO-50709","한화 이글스","박정현","IF","한화","1","https://www.koreabaseball.com/Futures/Player/HitterTotal.aspx?playerId=50709","0.305","40","135","118","23","36","7","1","5","60","26","3","0","13","0","15","0","0.508","0.366","8","0.874"
"2025","50840","KBO-50840","SSG 랜더스","현원회","IF","SSG","1","https://www.koreabaseball.com/Futures/Player/HitterTotal.aspx?playerId=50840","0.367","66","283","229","38","84","15","1","5","116","49","2","2","43","5","36","5","0.507","0.468","4","0.975"
"2025","50848","KBO-50848","SSG 랜더스","김성민","IF","SSG","1","https://www.koreabaseball.com/Futures/Player/HitterTotal.aspx?playerId=50848","0.143","6","10","7","1","1","0","0","0","1","1","0","0","3","0","1","0","0.143","0.400","0","0.543"
"2025","50854","KBO-50854","SSG 랜더스","최지훈","OF","","0","https://www.koreabaseball.com/Futures/Player/HitterTotal.aspx?playerId=50854","","","","","","","","","","","","","","","","","","","","",""
"2025","50868","KBO-50868","SSG 랜더스","류효승","OF","SSG","1","https://www.koreabaseball.com/Futures/Player/HitterTotal.aspx?playerId=50868","0.322","37","140","121","24","39","10","0","7","70","28","1","0","16","2","31","3","0.579","0.407","0","0.986"
"2025","50901","KBO-50901","NC 다이노스","안인산","IF","NC","1","https://www.koreabaseball.com/Futures/Player/HitterTotal.aspx?playerId=50901","0.322","48","168","143","22","46","4","0","10","80","36","4","1","19","5","36","1","0.559","0.417","1","0.976"
"2025","50902","KBO-50902","NC 다이노스","김한별","IF","NC","1","https://www.koreabaseball.com/Futures/Player/HitterTotal.aspx?playerId=50902","0.167","23","61","54","4","9","1","0","0","10","6","0","0","6","0","5","5","0.185","0.250","3","0.435"
"2025","50903","KBO-50903","NC 다이노스","한재환","IF","NC","1","https://www.koreabaseball.com/Futures/Player/HitterTotal.aspx?playerId=50903","0.223","50","173","148","15","33","12","0","4","57","24","2","0","18","5","47","3","0.385","0.326","4","0.711"
"2025","50906","KBO-50906","NC 다이노스","박영빈","OF","NC","1","https://www.koreabaseball.com/Futures/Player/HitterTotal.aspx?playerId=50906","0.246","55","73","65","26","16","2","1","0","20","9","24","3","5","1","21","0","0.308","0.310","1","0.618"
"2025","50996","KBO-50996","NC 다이노스","박시원","OF","NC","1","https://www.koreabaseball.com/Futures/Player/HitterTotal.aspx?playerId=50996","0.260","44","160","131","25","34","8","0","2","48","16","5","5","25","1","34","2","0.366","0.375","1","0.741"
"2025","51003","KBO-51003","KT 위즈","권동진","IF","","0","https://www.koreabaseball.com/Futures/Player/HitterTotal.aspx?playerId=51003","","","","","","","","","","","","","","","","","","","","",""
"2025","51005","KBO-51005","KT 위즈","김건형","OF","KT","1","https://www.koreabaseball.com/Futures/Player/HitterTotal.aspx?playerId=51005","0.306","65","210","173","31","53","11","1","4","78","44","5","0","33","1","42","3","0.451","0.414","1","0.865"
"2025","51007","KBO-51007","KT 위즈","최성민","OF","KT","1","https://www.koreabaseball.com/Futures/Player/HitterTotal.aspx?playerId=51007","0.330","32","106","88","16","29","5","1","2","42","15","3","2","14","3","15","1","0.477","0.434","0","0.911"
"2025","51013","KBO-51013","KT 위즈","유준규","OF","KT","1","https://www.koreabaseball.com/Futures/Player/HitterTotal.aspx?playerId=51013","0.279","53","206","172","46","48","7","3","0","61","12","14","5","31","0","39","2","0.355","0.389","2","0.744"
"2025","51100","KBO-51100","LG 트윈스","이영빈","IF","LG","1","https://www.koreabaseball.com/Futures/Player/HitterTotal.aspx?playerId=51100","0.281","40","155","135","25","38","7","3","2","57","24","2","2","15","1","37","3","0.422","0.351","7","0.773"
"2025","51203","KBO-51203","두산 베어스","안재석","IF","두산","1","https://www.koreabaseball.com/Futures/Player/HitterTotal.aspx?playerId=51203","0.333","2","9","9","2","3","1","0","0","4","0","0","0","0","0","0","0","0.444","0.333","0","0.777"
"2025","51269","KBO-51269","두산 베어스","강현구","OF","두산","1","https://www.koreabaseball.com/Futures/Player/HitterTotal.aspx?playerId=51269","0.242","31","118","99","25","24","6","0","3","39","18","3","1","15","3","37","0","0.394","0.356","0","0.750"
"2025","51298","KBO-51298","두산 베어스","박성재","C","두산","1","https://www.koreabaseball.com/Futures/Player/HitterTotal.aspx?playerId=51298","0.273","47","127","110","19","30","7","0","6","55","18","2","0","11","1","19","1","0.500","0.336","6","0.836"
"2025","51302","KBO-51302","키움 히어로즈","이주형","IF","고양","1","https://www.koreabaseball.com/Futures/Player/HitterTotal.aspx?playerId=51302","0.229","52","158","140","16","32","6","0","1","41","19","1","0","17","0","35","3","0.293","0.310","6","0.603"
"2025","51344","KBO-51344","NC 다이노스","김휘집","IF","NC","1","https://www.koreabaseball.com/Futures/Player/HitterTotal.aspx?playerId=51344","0.167","2","8","6","1","1","0","0","0","1","2","0","0","0","0","3","0","0.167","0.125","0","0.292"
"2025","51407","KBO-51407","삼성 라이온즈","이창용","IF","삼성","1","https://www.koreabaseball.com/Futures/Player/HitterTotal.aspx?playerId=51407","0.315","84","333","289","53","91","18","1","19","168","63","3","0","34","7","75","4","0.581","0.396","7","0.977"
"2025","51528","KBO-51528","롯데 자이언츠","손성빈","C","롯데","1","https://www.koreabaseball.com/Futures/Player/HitterTotal.aspx?playerId=51528","0.319","33","106","91","16","29","1","0","3","39","18","2","2","12","3","13","2","0.429","0.415","2","0.844"
"2025","51551","KBO-51551","롯데 자이언츠","나승엽","IF","롯데","1","https://www.koreabaseball.com/Futures/Player/HitterTotal.aspx?playerId=51551","0.300","8","37","30","10","9","1","0","0","10","4","0","0","5","0","6","0","0.333","0.378","0","0.711"
"2025","51762","KBO-51762","한화 이글스","장규현","C","한화","1","https://www.koreabaseball.com/Futures/Player/HitterTotal.aspx?playerId=51762","0.376","84","256","213","45","80","18","0","4","110","44","0","2","38","3","37","5","0.516","0.473","4","0.989"
"2025","51764","KBO-51764","한화 이글스","정민규","IF","한화","1","https://www.koreabaseball.com/Futures/Player/HitterTotal.aspx?playerId=51764","0.272","81","285","239","42","65","13","0","9","105","33","1","0","39","4","49","11","0.439","0.382","12","0.821"
"2025","51860","KBO-51860","SSG 랜더스","박정빈","OF","SSG","1","https://www.koreabaseball.com/Futures/Player/HitterTotal.aspx?playerId=51860","0.321","61","108","84","29","27","4","2","1","38","19","8","0","19","2","14","2","0.452","0.444","2","0.896"
"2025","51865","KBO-51865","SSG 랜더스","조형우","C","SSG","1","https://www.koreabaseball.com/Futures/Player/HitterTotal.aspx?playerId=51865","0.091","3","11","11","1","1","0","0","0","1","2","0","0","0","0","3","0","0.091","0.091","0","0.182"
"2025","51868","KBO-51868","SSG 랜더스","고명준","IF","SSG","1","https://www.koreabaseball.com/Futures/Player/HitterTotal.aspx?playerId=51868","0.357","4","16","14","4","5","1","0","1","9","4","0","0","1","0","2","0","0.643","0.375","0","1.018"
"2025","51903","KBO-51903","NC 다이노스","김정호","C","NC","1","https://www.koreabaseball.com/Futures/Player/HitterTotal.aspx?playerId=51903","0.238","57","148","126","13","30","7","1","3","48","24","1","0","10","7","42","0","0.381","0.322","7","0.703"
"2025","51907","KBO-51907","NC 다이노스","김주원","IF","","0","https://www.koreabaseball.com/Futures/Player/HitterTotal.aspx?playerId=51907","","","","","","","","","","","","","","","","","","","","",""
"2025","51996","KBO-51996","NC 다이노스","오태양","IF","NC","1","https://www.koreabaseball.com/Futures/Player/HitterTotal.aspx?playerId=51996","0.283","70","220","180","37","51","6","1","5","74","33","14","4","31","5","36","6","0.411","0.395","4","0.806"
"2025","52001","KBO-52001","KT 위즈","안현민","OF","KT","1","https://www.koreabaseball.com/Futures/Player/HitterTotal.aspx?playerId=52001","0.426","19","86","68","23","29","6","0","5","50","18","3","3","16","1","9","1","0.735","0.535","1","1.270"
"2025","52002","KBO-52002","KT 위즈","김병준","OF","KT","1","https://www.koreabaseball.com/Futures/Player/HitterTotal.aspx?playerId=52002","0.306","66","201","180","37","55","6","3","2","73","26","19","4","16","1","27","4","0.406","0.362","0","0.768"
"2025","52103","KBO-52103","LG 트윈스","최원영","OF","","0","https://www.koreabaseball.com/Futures/Player/HitterTotal.aspx?playerId=52103","","","","","","","","","","","","","","","","","","","","",""
"2025","52105","KBO-52105","LG 트윈스","김성우","C","LG","1","https://www.koreabaseball.com/Futures/Player/HitterTotal.aspx?playerId=52105","0.353","54","168","136","26","48","8","2","1","63","28","0","1","23","5","13","4","0.463","0.461","4","0.924"
"2025","52121","KBO-52121","LG 트윈스","문정빈","IF","LG","1","https://www.koreabaseball.com/Futures/Player/HitterTotal.aspx?playerId=52121","0.261","54","218","184","28","48","14","2","2","72","43","1","0","27","1","38","3","0.391","0.350","4","0.741"
"2025","52154","KBO-52154","LG 트윈스","이주헌","C","","0","https://www.koreabaseball.com/Futures/Player/HitterTotal.aspx?playerId=52154","","","","","","","","","","","","","","","","","","","","",""
"2025","52208","KBO-52208","두산 베어스","천현재","OF","두산","1","https://www.koreabaseball.com/Futures/Player/HitterTotal.aspx?playerId=52208","0.312","71","134","109","26","34","1","2","2","45","23","12","5","20","0","15","0","0.413","0.412","1","0.825"
"2025","52267","KBO-52267","두산 베어스","김동준","IF","두산","1","https://www.koreabaseball.com/Futures/Player/HitterTotal.aspx?playerId=52267","0.283","60","234","205","32","58","12","2","8","98","36","2","1","15","4","49","1","0.478","0.344","1","0.822"
"2025","52305","KBO-52305","키움 히어로즈","박수종","OF","고양","1","https://www.koreabaseball.com/Futures/Player/HitterTotal.aspx?playerId=52305","0.325","47","114","80","23","26","6","2","1","39","21","2","1","25","5","6","1","0.488","0.496","1","0.984"
"2025","52415","KBO-52415","삼성 라이온즈","이재현","IF","","0","https://www.koreabaseball.com/Futures/Player/HitterTotal.aspx?playerId=52415","","","","","","","","","","","","","","","","","","","","",""
"2025","52424","KBO-52424","삼성 라이온즈","김재혁","OF","삼성","1","https://www.koreabaseball.com/Futures/Player/HitterTotal.aspx?playerId=52424","0.240","42","145","129","21","31","7","1","4","52","17","2","2","11","1","27","6","0.403","0.301","1","0.704"
"2025","52430","KBO-52430","삼성 라이온즈","김영웅","IF","삼성","1","https://www.koreabaseball.com/Futures/Player/HitterTotal.aspx?playerId=52430","0.263","10","42","38","6","10","1","0","1","14","8","0","0","2","0","8","1","0.368","0.286","2","0.654"
"2025","52504","KBO-52504","롯데 자이언츠","김동혁","OF","롯데","1","https://www.koreabaseball.com/Futures/Player/HitterTotal.aspx?playerId=52504","0.336","32","138","107","19","36","5","1","0","43","19","11","4","28","2","20","2","0.402","0.482","2","0.884"
"2025","52514","KBO-52514","롯데 자이언츠","김세민","IF","롯데","1","https://www.koreabaseball.com/Futures/Player/HitterTotal.aspx?playerId=52514","0.265","67","189","170","31","45","5","3","5","71","28","7","3","17","1","29","4","0.418","0.333","12","0.751"
"2025","52516","KBO-52516","롯데 자이언츠","조세진","OF","롯데","1","https://www.koreabaseball.com/Futures/Player/HitterTotal.aspx?playerId=52516","0.277","54","218","184","35","51","7","1","7","81","31","4","2","30","3","42","2","0.440","0.385","1","0.825"
"2025","52568","KBO-52568","롯데 자이언츠","한태양","IF","롯데","1","https://www.koreabaseball.com/Futures/Player/HitterTotal.aspx?playerId=52568","0.386","11","51","44","12","17","3","1","2","28","13","5","0","6","0","7","0","0.636","0.451","0","1.087"
"2025","52591","KBO-52591","롯데 자이언츠","윤동희","OF","롯데","1","https://www.koreabaseball.com/Futures/Player/HitterTotal.aspx?playerId=52591","0.452","15","57","42","10","19","1","0","3","29","7","1","0","13","1","6","1","0.690","0.579","1","1.269"
"2025","52605","KBO-52605","KIA 타이거즈","김도영","IF","KIA","1","https://www.koreabaseball.com/Futures/Player/HitterTotal.aspx?playerId=52605","0.500","1","2","2","0","1","1","0","0","2","1","0","0","0","0","0","0","1.000","0.500","0","1.500"
"2025","52667","KBO-52667","KIA 타이거즈","윤도현","IF","KIA","1","https://www.koreabaseball.com/Futures/Player/HitterTotal.aspx?playerId=52667","0.246","24","83","69","16","17","2","0","1","22","9","0","0","11","2","13","2","0.319","0.361","4","0.680"
"2025","52704","KBO-52704","한화 이글스","이상혁","OF","한화","1","https://www.koreabaseball.com/Futures/Player/HitterTotal.aspx?playerId=52704","0.265","34","104","83","22","22","2","2","0","28","9","10","5","20","0","19","0","0.337","0.404","0","0.741"
"2025","52764","KBO-52764","한화 이글스","허인서","C","한화","1","https://www.koreabaseball.com/Futures/Player/HitterTotal.aspx?playerId=52764","0.288","42","136","125","17","36","10","0","9","73","32","0","0","9","0","21","4","0.584","0.331","2","0.915"
"2025","52769","KBO-52769","한화 이글스","권광민","IF","한화","1","https://www.koreabaseball.com/Futures/Player/HitterTotal.aspx?playerId=52769","0.254","20","63","59","10","15","2","0","2","23","11","1","1","4","0","16","1","0.390","0.302","0","0.692"
"2025","52803","KBO-52803","SSG 랜더스","김태윤","IF","SSG","1","https://www.koreabaseball.com/Futures/Player/HitterTotal.aspx?playerId=52803","0.200","32","75","55","13","11","0","0","0","11","9","6","4","12","7","10","0","0.200","0.405","2","0.605"
"2025","52804","KBO-52804","SSG 랜더스","석정우","IF","SSG","1","https://www.koreabaseball.com/Futures/Player/HitterTotal.aspx?playerId=52804","0.323","46","194","164","35","53","12","1","3","76","30","7","4","26","1","25","5","0.463","0.415","8","0.878"
"2025","52807","KBO-52807","SSG 랜더스","임근우","OF","SSG","1","https://www.koreabaseball.com/Futures/Player/HitterTotal.aspx?playerId=52807","0.339","67","203","165","36","56","13","0","2","75","35","9","4","22","14","33","3","0.455","0.453","2","0.908"
"2025","53123","KBO-53123","LG 트윈스","오스틴","IF","LG","1","https://www.koreabaseball.com/Futures/Player/HitterTotal.aspx?playerId=53123","0.250","1","4","4","1","1","0","0","0","1","0","0","0","0","0","0","0","0.250","0.250","0","0.500"
"2025","53144","KBO-53144","LG 트윈스","김범석","C","LG","1","https://www.koreabaseball.com/Futures/Player/HitterTotal.aspx?playerId=53144","0.214","12","49","42","7","9","2","0","2","17","5","2","0","7","0","12","0","0.405","0.327","1","0.732"
"2025","53204","KBO-53204","두산 베어스","박민준","C","두산","1","https://www.koreabaseball.com/Futures/Player/HitterTotal.aspx?playerId=53204","0.188","40","75","64","7","12","0","0","1","15","6","0","0","9","0","30","1","0.234","0.280","1","0.514"
"2025","53305","KBO-53305","키움 히어로즈","박성빈","C","고양","1","https://www.koreabaseball.com/Futures/Player/HitterTotal.aspx?playerId=53305","0.181","48","80","72","13","13","0","0","2","19","9","0","0","5","3","10","3","0.264","0.263","1","0.527"
"2025","53309","KBO-53309","키움 히어로즈","서유신","IF","고양","1","https://www.koreabaseball.com/Futures/Player/HitterTotal.aspx?playerId=53309","0.235","65","162","132","19","31","3","0","1","37","20","5","2","23","6","26","3","0.280","0.370","7","0.650"
"2025","53312","KBO-53312","키움 히어로즈","김건희","C","고양","1","https://www.koreabaseball.com/Futures/Player/HitterTotal.aspx?playerId=53312","0.293","15","44","41","8","12","3","0","2","21","7","0","0","3","0","9","0","0.512","0.341","1","0.853"
"2025","53344","KBO-53344","키움 히어로즈","김동헌","C","고양","1","https://www.koreabaseball.com/Futures/Player/HitterTotal.aspx?playerId=53344","0.239","29","91","71","11","17","3","0","0","20","11","0","0","15","2","18","2","0.282","0.382","3","0.664"
"2025","53411","KBO-53411","삼성 라이온즈","박진우","C","삼성","1","https://www.koreabaseball.com/Futures/Player/HitterTotal.aspx?playerId=53411","0.307","48","89","75","11","23","5","0","0","28","9","0","1","9","3","16","0","0.373","0.393","3","0.766"
"2025","53554","KBO-53554","두산 베어스","김민석","OF","두산","1","https://www.koreabaseball.com/Futures/Player/HitterTotal.aspx?playerId=53554","0.324","21","85","68","19","22","3","0","2","31","7","3","3","14","1","13","3","0.456","0.446","1","0.902"
"2025","53659","KBO-53659","KIA 타이거즈","정해원","IF","KIA","1","https://www.koreabaseball.com/Futures/Player/HitterTotal.aspx?playerId=53659","0.362","51","220","188","43","68","17","0","4","97","26","5","4","24","4","39","4","0.516","0.436","1","0.952"
"2025","53764","KBO-53764","한화 이글스","문현빈","IF","","0","https://www.koreabaseball.com/Futures/Player/HitterTotal.aspx?playerId=53764","","","","","","","","","","","","","","","","","","","","",""
"2025","53827","KBO-53827","SSG 랜더스","에레디아","OF","SSG","1","https://www.koreabaseball.com/Futures/Player/HitterTotal.aspx?playerId=53827","0.111","5","19","18","2","2","0","0","0","2","1","0","0","1","0","5","0","0.111","0.158","0","0.269"
"2025","54097","KBO-54097","KT 위즈","김민석","C","KT","1","https://www.koreabaseball.com/Futures/Player/HitterTotal.aspx?playerId=54097","0.306","54","161","147","15","45","10","0","3","64","20","0","0","12","1","25","7","0.435","0.363","2","0.798"
"2025","54156","KBO-54156","LG 트윈스","손용준","IF","LG","1","https://www.koreabaseball.com/Futures/Player/HitterTotal.aspx?playerId=54156","0.338","81","324","281","64","95","14","3","2","121","33","21","8","25","16","45","4","0.431","0.420","7","0.851"
"2025","54166","KBO-54166","LG 트윈스","김현종","OF","LG","1","https://www.koreabaseball.com/Futures/Player/HitterTotal.aspx?playerId=54166","0.311","35","120","106","20","33","6","0","0","39","8","2","4","11","1","22","2","0.368","0.381","1","0.749"
"2025","54205","KBO-54205","두산 베어스","여동건","IF","두산","1","https://www.koreabaseball.com/Futures/Player/HitterTotal.aspx?playerId=54205","0.236","51","183","165","28","39","6","4","0","53","19","6","1","16","1","32","3","0.321","0.308","11","0.629"
"2025","54214","KBO-54214","두산 베어스","전다민","OF","두산","1","https://www.koreabaseball.com/Futures/Player/HitterTotal.aspx?playerId=54214","0.320","65","202","172","33","55","11","2","2","76","25","9","4","24","1","24","1","0.442","0.402","0","0.844"
"2025","54219","KBO-54219","두산 베어스","류현준","C","두산","1","https://www.koreabaseball.com/Futures/Player/HitterTotal.aspx?playerId=54219","0.357","33","100","84","19","30","5","0","4","47","16","0","1","12","2","7","1","0.560","0.444","3","1.004"
"2025","54236","KBO-54236","두산 베어스","임종성","IF","두산","1","https://www.koreabaseball.com/Futures/Player/HitterTotal.aspx?playerId=54236","0.274","26","95","84","10","23","7","1","1","35","13","0","0","4","3","11","4","0.417","0.323","5","0.740"
"2025","54305","KBO-54305","키움 히어로즈","이재상","IF","고양","1","https://www.koreabaseball.com/Futures/Player/HitterTotal.aspx?playerId=54305","0.178","52","111","101","16","18","8","0","2","32","11","0","1","7","3","23","4","0.317","0.252","4","0.569"
"2025","54307","KBO-54307","키움 히어로즈","원성준","OF","고양","1","https://www.koreabaseball.com/Futures/Player/HitterTotal.aspx?playerId=54307","0.308","47","171","146","27","45","8","2","2","63","15","2","0","23","0","20","1","0.432","0.402","2","0.834"
"2025","54344","KBO-54344","키움 히어로즈","고영우","IF","고양","1","https://www.koreabaseball.com/Futures/Player/HitterTotal.aspx?playerId=54344","0.327","73","136","107","25","35","5","0","2","46","18","1","0","25","2","20","4","0.430","0.463","5","0.893"
"2025","54394","KBO-54394","키움 히어로즈","송지후","IF","고양","1","https://www.koreabaseball.com/Futures/Player/HitterTotal.aspx?playerId=54394","0.300","53","191","160","26","48","6","1","2","62","28","3","1","22","4","24","2","0.388","0.396","13","0.784"
"2025","54400","KBO-54400","삼성 라이온즈","디아즈","IF","","0","https://www.koreabaseball.com/Futures/Player/HitterTotal.aspx?playerId=54400","","","","","","","","","","","","","","","","","","","","",""
"2025","54408","KBO-54408","삼성 라이온즈","양도근","IF","삼성","1","https://www.koreabaseball.com/Futures/Player/HitterTotal.aspx?playerId=54408","0.000","2","8","8","0","0","0","0","0","0","0","0","0","0","0","1","1","0.000","0.000","0","0.000"
"2025","54444","KBO-54444","키움 히어로즈","카디네스","OF","고양","1","https://www.koreabaseball.com/Futures/Player/HitterTotal.aspx?playerId=54444","0.000","1","3","2","0","0","0","0","0","0","0","0","0","1","0","1","0","0.000","0.333","0","0.333"
"2025","54506","KBO-54506","롯데 자이언츠","강승구","C","롯데","1","https://www.koreabaseball.com/Futures/Player/HitterTotal.aspx?playerId=54506","0.222","26","54","45","8","10","2","0","1","15","6","0","0","7","1","12","2","0.333","0.340","0","0.673"
"2025","54507","KBO-54507","롯데 자이언츠","백두산","C","롯데","1","https://www.koreabaseball.com/Futures/Player/HitterTotal.aspx?playerId=54507","0.218","36","97","87","15","19","4","1","5","40","14","0","1","8","2","30","0","0.460","0.299","2","0.759"
"2025","54529","KBO-54529","롯데 자이언츠","레이예스","OF","","0","https://www.koreabaseball.com/Futures/Player/HitterTotal.aspx?playerId=54529","","","","","","","","","","","","","","","","","","","","",""
"2025","54598","KBO-54598","롯데 자이언츠","이호준","IF","롯데","1","https://www.koreabaseball.com/Futures/Player/HitterTotal.aspx?playerId=54598","0.242","9","37","33","5","8","0","1","0","10","2","0","0","4","0","5","1","0.303","0.324","1","0.627"
"2025","54706","KBO-54706","한화 이글스","이승현","IF","","0","https://www.koreabaseball.com/Futures/Player/HitterTotal.aspx?playerId=54706","","","","","","","","","","","","","","","","","","","","",""
"2025","54795","KBO-54795","한화 이글스","황영묵","IF","한화","1","https://www.koreabaseball.com/Futures/Player/HitterTotal.aspx?playerId=54795","0.353","5","20","17","6","6","1","0","0","7","1","4","1","3","0","1","0","0.412","0.450","0","0.862"
"2025","54805","KBO-54805","SSG 랜더스","박지환","IF","SSG","1","https://www.koreabaseball.com/Futures/Player/HitterTotal.aspx?playerId=54805","0.254","46","189","169","28","43","15","3","2","70","30","4","3","15","3","22","10","0.414","0.323","2","0.737"
"2025","54806","KBO-54806","SSG 랜더스","이승민","OF","SSG","1","https://www.koreabaseball.com/Futures/Player/HitterTotal.aspx?playerId=54806","0.270","52","124","111","16","30","4","1","1","39","20","3","2","8","4","32","2","0.351","0.339","4","0.690"
"2025","54810","KBO-54810","SSG 랜더스","김규민","C","SSG","1","https://www.koreabaseball.com/Futures/Player/HitterTotal.aspx?playerId=54810","0.280","61","179","161","29","45","10","1","10","87","35","1","1","16","0","51","2","0.540","0.341","5","0.881"
"2025","54812","KBO-54812","SSG 랜더스","정준재","IF","","0","https://www.koreabaseball.com/Futures/Player/HitterTotal.aspx?playerId=54812","","","","","","","","","","","","","","","","","","","","",""
"2025","54905","KBO-54905","NC 다이노스","김세훈","IF","NC","1","https://www.koreabaseball.com/Futures/Player/HitterTotal.aspx?playerId=54905","0.259","78","231","193","36","50","10","1","6","80","35","2","1","33","1","30","7","0.415","0.365","6","0.780"
"2025","54908","KBO-54908","NC 다이노스","고승완","OF","NC","1","https://www.koreabaseball.com/Futures/Player/HitterTotal.aspx?playerId=54908","0.322","73","236","202","32","65","10","3","5","96","28","20","9","25","4","44","2","0.475","0.405","2","0.880"
"2025","54944","KBO-54944","NC 다이노스","데이비슨","IF","NC","1","https://www.koreabaseball.com/Futures/Player/HitterTotal.aspx?playerId=54944","0.333","3","7","6","1","2","0","0","1","5","1","0","0","1","0","1","0","0.833","0.429","0","1.262"
"2025","55004","KBO-55004","KT 위즈","박민석","OF","KT","1","https://www.koreabaseball.com/Futures/Player/HitterTotal.aspx?playerId=55004","0.244","40","97","82","19","20","7","0","0","27","10","1","3","10","3","18","4","0.329","0.340","2","0.669"
"2025","55005","KBO-55005","KT 위즈","오서진","IF","KT","1","https://www.koreabaseball.com/Futures/Player/HitterTotal.aspx?playerId=55005","0.310","64","170","155","20","48","10","1","2","66","20","3","1","9","2","22","5","0.426","0.351","5","0.777"
"2025","55013","KBO-55013","KT 위즈","스티븐슨","OF","","0","https://www.koreabaseball.com/Futures/Player/HitterTotal.aspx?playerId=55013","","","","","","","","","","","","","","","","","","","","",""
"2025","55100","KBO-55100","LG 트윈스","이한림","C","LG","1","https://www.koreabaseball.com/Futures/Player/HitterTotal.aspx?playerId=55100","0.173","29","58","52","6","9","0","0","0","9","5","0","0","6","0","4","0","0.173","0.259","0","0.432"
"2025","55160","KBO-55160","LG 트윈스","서영준","OF","LG","1","https://www.koreabaseball.com/Futures/Player/HitterTotal.aspx?playerId=55160","0.282","64","195","170","30","48","16","1","7","87","38","2","1","19","4","48","1","0.512","0.364","2","0.876"
"2025","55164","KBO-55164","LG 트윈스","박관우","OF","LG","1","https://www.koreabaseball.com/Futures/Player/HitterTotal.aspx?playerId=55164","0.293","56","203","167","23","49","3","4","2","66","27","10","4","26","4","22","3","0.395","0.391","2","0.786"
"2025","55165","KBO-55165","LG 트윈스","이태훈","IF","LG","1","https://www.koreabaseball.com/Futures/Player/HitterTotal.aspx?playerId=55165","0.276","78","223","196","28","54","10","1","3","75","28","4","1","23","3","46","7","0.383","0.359","6","0.742"
"2025","55208","KBO-55208","두산 베어스","케이브","OF","두산","1","https://www.koreabaseball.com/Futures/Player/HitterTotal.aspx?playerId=55208","0.500","2","6","6","1","3","0","0","0","3","0","0","0","0","0","1","0","0.500","0.500","0","1.000"
"2025","55216","KBO-55216","두산 베어스","김성재","C","두산","1","https://www.koreabaseball.com/Futures/Player/HitterTotal.aspx?playerId=55216","0.243","20","46","37","6","9","1","0","0","10","4","0","0","5","2","7","0","0.270","0.364","2","0.634"
"2025","55224","KBO-55224","두산 베어스","이선우","IF","두산","1","https://www.koreabaseball.com/Futures/Player/HitterTotal.aspx?playerId=55224","0.242","44","142","124","25","30","6","4","1","47","15","9","2","12","2","35","4","0.379","0.319","2","0.698"
"2025","55226","KBO-55226","두산 베어스","김준상","IF","두산","1","https://www.koreabaseball.com/Futures/Player/HitterTotal.aspx?playerId=55226","0.328","52","143","116","29","38","7","0","0","45","18","9","2","23","0","21","5","0.388","0.430","5","0.818"
"2025","55252","KBO-55252","두산 베어스","박준순","IF","두산","1","https://www.koreabaseball.com/Futures/Player/HitterTotal.aspx?playerId=55252","0.263","26","92","76","13","20","4","0","0","24","16","2","3","7","2","18","1","0.316","0.330","7","0.646"
"2025","55339","KBO-55339","키움 히어로즈","염승원","IF","고양","1","https://www.koreabaseball.com/Futures/Player/HitterTotal.aspx?playerId=55339","0.185","17","73","65","6","12","1","0","0","13","9","0","0","8","0","18","3","0.200","0.274","0","0.474"
"2025","55370","KBO-55370","키움 히어로즈","양현종","IF","고양","1","https://www.koreabaseball.com/Futures/Player/HitterTotal.aspx?playerId=55370","0.294","68","265","228","45","67","12","0","7","100","36","0","0","31","3","47","9","0.439","0.381","9","0.820"
"2025","55371","KBO-55371","키움 히어로즈","권혁빈","IF","고양","1","https://www.koreabaseball.com/Futures/Player/HitterTotal.aspx?playerId=55371","0.160","49","153","125","19","20","6","0","2","32","11","4","1","17","8","20","5","0.256","0.298","2","0.554"
"2025","55392","KBO-55392","키움 히어로즈","어준서","IF","고양","1","https://www.koreabaseball.com/Futures/Player/HitterTotal.aspx?playerId=55392","0.409","13","51","44","9","18","1","1","0","21","6","0","1","6","1","1","0","0.477","0.490","1","0.967"
"2025","55393","KBO-55393","키움 히어로즈","여동욱","IF","고양","1","https://www.koreabaseball.com/Futures/Player/HitterTotal.aspx?playerId=55393","0.206","41","116","97","9","20","7","0","1","30","21","1","0","17","0","33","1","0.309","0.325","5","0.634"
"2025","55397","KBO-55397","키움 히어로즈","전태현","IF","고양","1","https://www.koreabaseball.com/Futures/Player/HitterTotal.aspx?playerId=55397","0.333","24","102","72","18","24","5","0","1","32","9","3","1","25","4","16","1","0.444","0.520","3","0.964"
"2025","55435","KBO-55435","삼성 라이온즈","차승준","IF","삼성","1","https://www.koreabaseball.com/Futures/Player/HitterTotal.aspx?playerId=55435","0.227","74","233","203","26","46","10","2","2","66","27","1","1","27","1","66","5","0.325","0.320","20","0.645"
"2025","55438","KBO-55438","삼성 라이온즈","심재훈","IF","삼성","1","https://www.koreabaseball.com/Futures/Player/HitterTotal.aspx?playerId=55438","0.236","47","174","148","26","35","10","1","4","59","28","3","3","21","1","41","5","0.399","0.331","4","0.730"
"2025","55440","KBO-55440","삼성 라이온즈","함수호","OF","삼성","1","https://www.koreabaseball.com/Futures/Player/HitterTotal.aspx?playerId=55440","0.264","85","293","261","37","69","9","5","5","103","38","1","5","27","2","58","6","0.395","0.334","4","0.729"
"2025","55502","KBO-55502","롯데 자이언츠","김동현","OF","롯데","1","https://www.koreabaseball.com/Futures/Player/HitterTotal.aspx?playerId=55502","0.305","75","318","259","50","79","20","0","11","132","67","0","0","52","1","53","3","0.510","0.415","3","0.925"
"2025","55506","KBO-55506","롯데 자이언츠","한승현","OF","롯데","1","https://www.koreabaseball.com/Futures/Player/HitterTotal.aspx?playerId=55506","0.296","45","176","159","32","47","9","3","1","65","18","9","6","11","2","21","2","0.409","0.345","4","0.754"
"2025","55509","KBO-55509","롯데 자이언츠","박건우","C","롯데","1","https://www.koreabaseball.com/Futures/Player/HitterTotal.aspx?playerId=55509","0.281","28","65","64","8","18","4","0","2","28","13","0","1","1","0","22","1","0.438","0.292","2","0.730"
"2025","55511","KBO-55511","롯데 자이언츠","이태경","IF","롯데","1","https://www.koreabaseball.com/Futures/Player/HitterTotal.aspx?playerId=55511","0.331","75","299","269","48","89","15","2","4","120","45","7","7","24","4","26","18","0.446","0.393","5","0.839"
"2025","55530","KBO-55530","롯데 자이언츠","박찬형","IF","롯데","1","https://www.koreabaseball.com/Futures/Player/HitterTotal.aspx?playerId=55530","0.221","21","77","68","8","15","3","0","1","21","9","1","2","5","2","11","1","0.309","0.289","6","0.598"
"2025","55563","KBO-55563","롯데 자이언츠","박재엽","C","롯데","1","https://www.koreabaseball.com/Futures/Player/HitterTotal.aspx?playerId=55563","0.319","47","130","119","17","38","8","1","4","60","23","3","0","7","2","26","4","0.504","0.364","2","0.868"
"2025","55636","KBO-55636","KIA 타이거즈","박재현","OF","KIA","1","https://www.koreabaseball.com/Futures/Player/HitterTotal.aspx?playerId=55636","0.296","46","206","179","34","53","14","4","3","84","31","11","6","23","2","28","3","0.469","0.382","0","0.851"
"2025","55637","KBO-55637","KIA 타이거즈","박헌","OF","KIA","1","https://www.koreabaseball.com/Futures/Player/HitterTotal.aspx?playerId=55637","0.275","41","112","91","17","25","7","0","0","32","15","0","0","18","2","25","0","0.352","0.402","1","0.754"
"2025","55645","KBO-55645","KIA 타이거즈","위즈덤","IF","","0","https://www.koreabaseball.com/Futures/Player/HitterTotal.aspx?playerId=55645","","","","","","","","","","","","","","","","","","","","",""
"2025","55703","KBO-55703","한화 이글스","리베라토","OF","","0","https://www.koreabaseball.com/Futures/Player/HitterTotal.aspx?playerId=55703","","","","","","","","","","","","","","","","","","","","",""
"2025","55710","KBO-55710","한화 이글스","이민재","OF","한화","1","https://www.koreabaseball.com/Futures/Player/HitterTotal.aspx?playerId=55710","0.309","85","301","265","40","82","15","3","7","124","41","5","2","32","2","47","6","0.468","0.387","4","0.855"
"2025","55767","KBO-55767","한화 이글스","한지윤","C","한화","1","https://www.koreabaseball.com/Futures/Player/HitterTotal.aspx?playerId=55767","0.224","57","194","170","24","38","9","0","8","71","32","0","0","19","1","54","3","0.418","0.299","1","0.717"
"2025","55798","KBO-55798","한화 이글스","배승수","IF","한화","1","https://www.koreabaseball.com/Futures/Player/HitterTotal.aspx?playerId=55798","0.235","87","256","213","40","50","16","0","5","81","36","2","3","31","2","58","6","0.380","0.329","11","0.709"
"2025","55832","KBO-55832","SSG 랜더스","이율예","C","SSG","1","https://www.koreabaseball.com/Futures/Player/HitterTotal.aspx?playerId=55832","0.333","52","162","120","31","40","5","1","8","71","25","3","0","36","3","28","3","0.592","0.494","4","1.086"
"2025","55894","KBO-55894","SSG 랜더스","최윤석","IF","SSG","1","https://www.koreabaseball.com/Futures/Player/HitterTotal.aspx?playerId=55894","0.239","76","278","230","32","55","10","0","3","74","34","4","0","28","13","52","6","0.322","0.348","12","0.670"
"2025","55897","KBO-55897","SSG 랜더스","홍대인","IF","SSG","1","https://www.koreabaseball.com/Futures/Player/HitterTotal.aspx?playerId=55897","0.280","65","185","161","33","45","4","1","0","51","17","17","1","20","3","33","1","0.317","0.370","6","0.687"
"2025","55926","KBO-55926","KIA 타이거즈","정현창","IF","KIA","1","https://www.koreabaseball.com/Futures/Player/HitterTotal.aspx?playerId=55926","0.316","60","187","171","34","54","8","1","1","67","28","7","2","10","5","41","3","0.392","0.369","4","0.761"
"2025","55993","KBO-55993","NC 다이노스","장창훈","IF","NC","1","https://www.koreabaseball.com/Futures/Player/HitterTotal.aspx?playerId=55993","0.196","29","58","46","13","9","0","0","0","9","4","5","4","9","1","10","0","0.196","0.333","0","0.529"
"2025","60523","KBO-60523","롯데 자이언츠","정훈","IF","롯데","1","https://www.koreabaseball.com/Futures/Player/HitterTotal.aspx?playerId=60523","0.375","12","35","32","1","12","1","1","1","18","8","0","0","3","0","5","0","0.563","0.429","0","0.992"
"2025","60558","KBO-60558","SSG 랜더스","오태곤","OF","SSG","1","https://www.koreabaseball.com/Futures/Player/HitterTotal.aspx?playerId=60558","0.000","1","3","2","0","0","0","0","0","0","0","0","0","1","0","0","0","0.000","0.333","0","0.333"
"2025","61102","KBO-61102","롯데 자이언츠","유강남","C","롯데","1","https://www.koreabaseball.com/Futures/Player/HitterTotal.aspx?playerId=61102","0.353","6","18","17","4","6","1","1","1","12","2","0","0","1","0","4","0","0.706","0.389","0","1.095"
"2025","61353","KBO-61353","KIA 타이거즈","고종욱","OF","KIA","1","https://www.koreabaseball.com/Futures/Player/HitterTotal.aspx?playerId=61353","0.309","28","76","68","6","21","3","0","1","27","7","0","0","6","2","15","1","0.397","0.382","0","0.779"
"2025","61404","KBO-61404","삼성 라이온즈","김헌곤","OF","삼성","1","https://www.koreabaseball.com/Futures/Player/HitterTotal.aspx?playerId=61404","0.235","6","20","17","2","4","0","0","0","4","2","0","0","2","1","1","3","0.235","0.350","1","0.585"
"2025","62234","KBO-62234","삼성 라이온즈","류지혁","IF","삼성","1","https://www.koreabaseball.com/Futures/Player/HitterTotal.aspx?playerId=62234","1.000","1","4","1","2","1","0","0","1","4","2","0","0","2","0","0","0","4.000","1.000","0","5.000"
"2025","62244","KBO-62244","NC 다이노스","박세혁","C","NC","1","https://www.koreabaseball.com/Futures/Player/HitterTotal.aspx?playerId=62244","0.265","16","39","34","4","9","0","0","2","15","10","0","0","4","1","7","0","0.441","0.359","0","0.800"
"2025","62332","KBO-62332","키움 히어로즈","김재현","C","","0","https://www.koreabaseball.com/Futures/Player/HitterTotal.aspx?playerId=62332","","","","","","","","","","","","","","","","","","","","",""
"2025","62404","KBO-62404","삼성 라이온즈","구자욱","OF","","0","https://www.koreabaseball.com/Futures/Player/HitterTotal.aspx?playerId=62404","","","","","","","","","","","","","","","","","","","","",""
"2025","62415","KBO-62415","LG 트윈스","박해민","OF","","0","https://www.koreabaseball.com/Futures/Player/HitterTotal.aspx?playerId=62415","","","","","","","","","","","","","","","","","","","","",""
"2025","62558","KBO-62558","LG 트윈스","김준태","C","LG","1","https://www.koreabaseball.com/Futures/Player/HitterTotal.aspx?playerId=62558","0.156","21","59","45","7","7","1","0","1","11","3","0","0","13","1","13","0","0.244","0.356","1","0.600"
"2025","62700","KBO-62700","한화 이글스","하주석","IF","한화","1","https://www.koreabaseball.com/Futures/Player/HitterTotal.aspx?playerId=62700","0.404","14","52","47","6","19","4","0","0","23","6","1","0","5","0","7","0","0.489","0.462","2","0.951"
"2025","62802","KBO-62802","롯데 자이언츠","박승욱","IF","롯데","1","https://www.koreabaseball.com/Futures/Player/HitterTotal.aspx?playerId=62802","0.226","35","111","84","23","19","4","2","0","27","5","1","1","25","2","16","2","0.321","0.414","4","0.735"
"2025","62864","KBO-62864","SSG 랜더스","김민식","C","SSG","1","https://www.koreabaseball.com/Futures/Player/HitterTotal.aspx?playerId=62864","0.143","29","50","42","7","6","0","0","0","6","2","0","0","7","1","14","1","0.143","0.280","0","0.423"
"2025","62884","KBO-62884","롯데 자이언츠","최항","IF","롯데","1","https://www.koreabaseball.com/Futures/Player/HitterTotal.aspx?playerId=62884","0.333","39","145","129","27","43","9","0","1","55","16","0","1","13","0","21","2","0.426","0.389","5","0.815"
"2025","62895","KBO-62895","SSG 랜더스","한유섬","OF","SSG","1","https://www.koreabaseball.com/Futures/Player/HitterTotal.aspx?playerId=62895","0.333","2","7","6","1","2","0","0","0","2","0","0","0","0","1","1","0","0.333","0.429","0","0.762"
"2025","62907","KBO-62907","NC 다이노스","박민우","IF","","0","https://www.koreabaseball.com/Futures/Player/HitterTotal.aspx?playerId=62907","","","","","","","","","","","","","","","","","","","","",""
"2025","62931","KBO-62931","롯데 자이언츠","노진혁","IF","롯데","1","https://www.koreabaseball.com/Futures/Player/HitterTotal.aspx?playerId=62931","0.256","13","57","43","7","11","3","0","1","17","8","0","0","11","1","5","1","0.395","0.411","1","0.806"
"2025","62934","KBO-62934","SSG 랜더스","김성욱","OF","SSG","1","https://www.koreabaseball.com/Futures/Player/HitterTotal.aspx?playerId=62934","0.340","22","58","50","5","17","4","0","1","24","9","0","0","6","1","11","2","0.480","0.414","0","0.894"
"2025","62947","KBO-62947","KIA 타이거즈","나성범","OF","KIA","1","https://www.koreabaseball.com/Futures/Player/HitterTotal.aspx?playerId=62947","0.500","2","6","4","1","2","0","0","1","5","2","0","0","2","0","0","0","1.250","0.667","0","1.917"
"2025","63123","KBO-63123","두산 베어스","강승호","IF","두산","1","https://www.koreabaseball.com/Futures/Player/HitterTotal.aspx?playerId=63123","0.345","9","33","29","6","10","1","0","2","17","6","0","1","2","1","5","0","0.586","0.394","1","0.980"
"2025","63202","KBO-63202","두산 베어스","장승현","C","두산","1","https://www.koreabaseball.com/Futures/Player/HitterTotal.aspx?playerId=63202","0.340","20","54","47","5","16","2","0","0","18","10","0","1","6","1","8","0","0.383","0.426","0","0.809"
"2025","63257","KBO-63257","두산 베어스","김인태","OF","두산","1","https://www.koreabaseball.com/Futures/Player/HitterTotal.aspx?playerId=63257","0.636","4","14","11","4","7","1","0","2","14","10","0","0","2","1","0","0","1.273","0.714","0","1.987"
"2025","63260","KBO-63260","NC 다이노스","이우성","OF","NC","1","https://www.koreabaseball.com/Futures/Player/HitterTotal.aspx?playerId=63260","0.369","18","74","65","8","24","2","0","1","29","13","0","0","7","1","11","4","0.446","0.432","3","0.878"
"2025","63722","KBO-63722","KIA 타이거즈","한승택","C","KIA","1","https://www.koreabaseball.com/Futures/Player/HitterTotal.aspx?playerId=63722","0.373","43","142","118","15","44","7","0","2","57","30","0","0","18","2","20","5","0.483","0.457","1","0.940"
"2025","63963","KBO-63963","NC 다이노스","권희동","OF","","0","https://www.koreabaseball.com/Futures/Player/HitterTotal.aspx?playerId=63963","","","","","","","","","","","","","","","","","","","","",""
"2025","64004","KBO-64004","KT 위즈","김민혁","OF","KT","1","https://www.koreabaseball.com/Futures/Player/HitterTotal.aspx?playerId=64004","0.211","6","22","19","4","4","0","0","1","7","2","2","0","3","0","4","0","0.368","0.318","0","0.686"
"2025","64006","KBO-64006","한화 이글스","심우준","IF","한화","1","https://www.koreabaseball.com/Futures/Player/HitterTotal.aspx?playerId=64006","0.000","2","7","7","0","0","0","0","0","0","0","0","0","0","0","1","0","0.000","0.000","0","0.000"
"2025","64007","KBO-64007","KT 위즈","문상철","IF","KT","1","https://www.koreabaseball.com/Futures/Player/HitterTotal.aspx?playerId=64007","0.193","28","106","83","13","16","4","0","2","26","11","0","0","20","3","13","1","0.313","0.368","4","0.681"
"2025","64012","KBO-64012","KT 위즈","송민섭","OF","KT","1","https://www.koreabaseball.com/Futures/Player/HitterTotal.aspx?playerId=64012","0.292","10","28","24","4","7","3","0","0","10","2","0","0","3","1","7","1","0.417","0.393","1","0.810"
"2025","64022","KBO-64022","NC 다이노스","안중열","C","NC","1","https://www.koreabaseball.com/Futures/Player/HitterTotal.aspx?playerId=64022","0.327","19","60","52","8","17","2","0","4","31","13","1","0","5","3","10","3","0.596","0.417","0","1.013"
"2025","64101","KBO-64101","NC 다이노스","한석현","OF","NC","1","https://www.koreabaseball.com/Futures/Player/HitterTotal.aspx?playerId=64101","0.367","45","158","139","32","51","7","2","4","74","20","0","2","13","3","20","2","0.532","0.424","0","0.956"
"2025","64115","KBO-64115","KT 위즈","장준원","IF","KT","1","https://www.koreabaseball.com/Futures/Player/HitterTotal.aspx?playerId=64115","0.359","12","47","39","10","14","2","0","5","31","17","0","0","8","0","4","0","0.795","0.468","1","1.263"
"2025","64153","KBO-64153","두산 베어스","양석환","IF","두산","1","https://www.koreabaseball.com/Futures/Player/HitterTotal.aspx?playerId=64153","0.214","23","75","70","7","15","3","0","3","27","10","0","0","3","2","17","0","0.386","0.267","1","0.653"
"2025","64166","KBO-64166","KT 위즈","배정대","OF","KT","1","https://www.koreabaseball.com/Futures/Player/HitterTotal.aspx?playerId=64166","0.400","2","6","5","1","2","2","0","0","4","2","0","0","1","0","3","0","0.800","0.500","0","1.300"
"2025","64340","KBO-64340","키움 히어로즈","임지열","OF","고양","1","https://www.koreabaseball.com/Futures/Player/HitterTotal.aspx?playerId=64340","0.310","31","112","87","23","27","9","0","0","36","14","1","0","22","0","18","4","0.414","0.445","1","0.859"
"2025","64346","KBO-64346","키움 히어로즈","임병욱","OF","고양","1","https://www.koreabaseball.com/Futures/Player/HitterTotal.aspx?playerId=64346","0.291","46","175","158","22","46","12","0","8","82","33","1","1","15","1","38","4","0.519","0.354","0","0.873"
"2025","64468","KBO-64468","두산 베어스","박계범","IF","두산","1","https://www.koreabaseball.com/Futures/Player/HitterTotal.aspx?playerId=64468","0.219","12","34","32","3","7","1","0","1","11","2","0","0","1","0","12","0","0.344","0.242","1","0.586"
"2025","64504","KBO-64504","KT 위즈","오윤석","IF","","0","https://www.koreabaseball.com/Futures/Player/HitterTotal.aspx?playerId=64504","","","","","","","","","","","","","","","","","","","","",""
"2025","64560","KBO-64560","KIA 타이거즈","이창진","OF","KIA","1","https://www.koreabaseball.com/Futures/Player/HitterTotal.aspx?playerId=64560","0.308","13","44","39","7","12","1","0","2","19","6","0","0","5","0","12","0","0.487","0.386","0","0.873"
"2025","64610","KBO-64610","삼성 라이온즈","강한울","IF","삼성","1","https://www.koreabaseball.com/Futures/Player/HitterTotal.aspx?playerId=64610","0.300","9","22","20","2","6","1","0","0","7","1","0","0","2","0","5","0","0.350","0.364","0","0.714"
"2025","64646","KBO-64646","KIA 타이거즈","박찬호","IF","KIA","1","https://www.koreabaseball.com/Futures/Player/HitterTotal.aspx?playerId=64646","0.000","1","3","2","0","0","0","0","0","0","0","0","0","1","0","0","0","0.000","0.333","0","0.333"
"2025","64793","KBO-64793","LG 트윈스","김민수","IF","삼성","1","https://www.koreabaseball.com/Futures/Player/HitterTotal.aspx?playerId=64793","0.333","21","38","27","6","9","2","0","0","11","5","0","0","4","4","6","1","0.407","0.486","0","0.893"
"2025","64984","KBO-64984","키움 히어로즈","김태진","IF","고양","1","https://www.koreabaseball.com/Futures/Player/HitterTotal.aspx?playerId=64984","0.000","2","6","6","0","0","0","0","0","0","0","0","0","0","0","0","0","0.000","0.000","3","0.000"
"2025","65040","KBO-65040","삼성 라이온즈","김태훈","OF","삼성","1","https://www.koreabaseball.com/Futures/Player/HitterTotal.aspx?playerId=65040","0.356","35","118","101","18","36","6","0","4","54","16","3","0","13","3","11","2","0.535","0.444","0","0.979"
"2025","65115","KBO-65115","LG 트윈스","안익훈","OF","LG","1","https://www.koreabaseball.com/Futures/Player/HitterTotal.aspx?playerId=65115","0.000","2","4","3","0","0","0","0","0","0","0","0","0","1","0","1","0","0.000","0.250","0","0.250"
"2025","65132","KBO-65132","삼성 라이온즈","김재성","C","삼성","1","https://www.koreabaseball.com/Futures/Player/HitterTotal.aspx?playerId=65132","0.258","28","72","62","5","16","4","0","1","23","10","0","0","8","1","13","0","0.371","0.347","1","0.718"
"2025","65207","KBO-65207","LG 트윈스","신민재","IF","LG","1","https://www.koreabaseball.com/Futures/Player/HitterTotal.aspx?playerId=65207","0.333","2","6","3","1","1","1","0","0","2","1","0","0","2","1","1","0","0.667","0.667","0","1.334"
"2025","65269","KBO-65269","두산 베어스","김민혁","IF","두산","1","https://www.koreabaseball.com/Futures/Player/HitterTotal.aspx?playerId=65269","0.331","55","180","169","26","56","13","0","6","87","35","0","1","9","0","31","7","0.515","0.361","3","0.876"
"2025","65357","KBO-65357","키움 히어로즈","송성문","IF","","0","https://www.koreabaseball.com/Futures/Player/HitterTotal.aspx?playerId=65357","","","","","","","","","","","","","","","","","","","","",""
"2025","65464","KBO-65464","KIA 타이거즈","최정용","IF","KIA","1","https://www.koreabaseball.com/Futures/Player/HitterTotal.aspx?playerId=65464","0.303","55","225","178","47","54","9","0","2","69","22","4","0","41","2","56","1","0.388","0.433","3","0.821"
"2025","65586","KBO-65586","삼성 라이온즈","전병우","IF","삼성","1","https://www.koreabaseball.com/Futures/Player/HitterTotal.aspx?playerId=65586","0.295","12","53","44","10","13","2","0","1","18","5","0","0","8","1","10","0","0.409","0.415","1","0.824"
"2025","65610","KBO-65610","KIA 타이거즈","황대인","IF","KIA","1","https://www.koreabaseball.com/Futures/Player/HitterTotal.aspx?playerId=65610","0.432","13","52","37","4","16","0","0","0","16","8","0","0","14","0","3","1","0.432","0.577","1","1.009"
"2025","65653","KBO-65653","KIA 타이거즈","김호령","OF","KIA","1","https://www.koreabaseball.com/Futures/Player/HitterTotal.aspx?playerId=65653","0.303","15","38","33","8","10","2","0","2","18","7","4","0","5","0","11","0","0.545","0.395","1","0.940"
"2025","65703","KBO-65703","한화 이글스","이도윤","IF","","0","https://www.koreabaseball.com/Futures/Player/HitterTotal.aspx?playerId=65703","","","","","","","","","","","","","","","","","","","","",""
"2025","65898","KBO-65898","키움 히어로즈","김웅빈","IF","고양","1","https://www.koreabaseball.com/Futures/Player/HitterTotal.aspx?playerId=65898","0.314","63","248","207","30","65","15","2","7","105","54","0","1","30","4","36","4","0.507","0.401","1","0.908"
"2025","65905","KBO-65905","LG 트윈스","최승민","OF","LG","1","https://www.koreabaseball.com/Futures/Player/HitterTotal.aspx?playerId=65905","0.257","22","40","35","10","9","3","2","1","19","13","1","0","3","0","11","0","0.543","0.316","0","0.859"
"2025","66108","KBO-66108","LG 트윈스","홍창기","OF","LG","1","https://www.koreabaseball.com/Futures/Player/HitterTotal.aspx?playerId=66108","0.375","3","10","8","2","3","0","0","0","3","0","0","0","2","0","1","0","0.375","0.500","0","0.875"
"2025","66112","KBO-66112","두산 베어스","김기연","C","두산","1","https://www.koreabaseball.com/Futures/Player/HitterTotal.aspx?playerId=66112","0.417","5","13","12","3","5","1","0","0","6","3","0","0","0","0","2","1","0.500","0.385","0","0.885"
"2025","66162","KBO-66162","LG 트윈스","김주성","IF","LG","1","https://www.koreabaseball.com/Futures/Player/HitterTotal.aspx?playerId=66162","0.287","62","205","174","31","50","12","2","2","72","16","8","5","25","2","35","4","0.414","0.381","4","0.795"
"2025","66209","KBO-66209","두산 베어스","조수행","OF","두산","1","https://www.koreabaseball.com/Futures/Player/HitterTotal.aspx?playerId=66209","0.200","7","24","20","3","4","0","0","0","4","1","4","2","4","0","1","2","0.200","0.333","0","0.533"
"2025","66233","KBO-66233","두산 베어스","홍성호","OF","두산","1","https://www.koreabaseball.com/Futures/Player/HitterTotal.aspx?playerId=66233","0.278","81","315","270","52","75","16","3","11","130","63","2","1","36","2","65","2","0.481","0.359","5","0.840"
"2025","66354","KBO-66354","KIA 타이거즈","주효상","C","KIA","1","https://www.koreabaseball.com/Futures/Player/HitterTotal.aspx?playerId=66354","0.270","48","143","122","10","33","8","0","5","56","23","0","0","18","0","25","0","0.459","0.357","3","0.816"
"2025","66406","KBO-66406","삼성 라이온즈","안주형","IF","삼성","1","https://www.koreabaseball.com/Futures/Player/HitterTotal.aspx?playerId=66406","0.286","67","175","133","23","38","3","0","0","41","13","2","2","29","3","20","4","0.308","0.417","5","0.725"
"2025","66409","KBO-66409","삼성 라이온즈","이성규","OF","삼성","1","https://www.koreabaseball.com/Futures/Player/HitterTotal.aspx?playerId=66409","0.208","14","57","48","10","10","3","0","3","22","8","0","0","7","2","17","1","0.458","0.333","0","0.791"
"2025","66606","KBO-66606","NC 다이노스","최원준","OF","NC","1","https://www.koreabaseball.com/Futures/Player/HitterTotal.aspx?playerId=66606","0.300","10","48","40","10","12","4","0","2","22","8","2","1","7","0","10","0","0.550","0.396","0","0.946"
"2025","66614","KBO-66614","KIA 타이거즈","김규성","IF","","0","https://www.koreabaseball.com/Futures/Player/HitterTotal.aspx?playerId=66614","","","","","","","","","","","","","","","","","","","","",""
"2025","66657","KBO-66657","한화 이글스","이진영","OF","한화","1","https://www.koreabaseball.com/Futures/Player/HitterTotal.aspx?playerId=66657","0.125","4","18","16","3","2","1","0","1","6","4","1","0","1","1","5","0","0.375","0.222","1","0.597"
"2025","66662","KBO-66662","SSG 랜더스","신범수","C","SSG","1","https://www.koreabaseball.com/Futures/Player/HitterTotal.aspx?playerId=66662","0.192","34","84","73","9","14","3","0","4","29","11","0","1","9","1","11","3","0.397","0.286","1","0.683"
"2025","66704","KBO-66704","한화 이글스","김태연","OF","","0","https://www.koreabaseball.com/Futures/Player/HitterTotal.aspx?playerId=66704","","","","","","","","","","","","","","","","","","","","",""
"2025","66706","KBO-66706","KT 위즈","장진혁","OF","KT","1","https://www.koreabaseball.com/Futures/Player/HitterTotal.aspx?playerId=66706","0.400","7","31","25","5","10","3","1","1","18","5","0","0","5","1","6","0","0.720","0.516","0","1.236"
"2025","66707","KBO-66707","한화 이글스","박상언","C","한화","1","https://www.koreabaseball.com/Futures/Player/HitterTotal.aspx?playerId=66707","0.287","70","182","157","30","45","12","2","4","73","27","1","1","23","2","32","5","0.465","0.385","5","0.850"
"2025","66715","KBO-66715","한화 이글스","김인환","IF","한화","1","https://www.koreabaseball.com/Futures/Player/HitterTotal.aspx?playerId=66715","0.267","43","161","135","24","36","5","0","6","59","26","0","0","25","0","24","1","0.437","0.379","2","0.816"
"2025","66838","KBO-66838","키움 히어로즈","김동엽","OF","고양","1","https://www.koreabaseball.com/Futures/Player/HitterTotal.aspx?playerId=66838","0.233","25","69","60","6","14","2","0","2","22","6","0","0","6","3","12","2","0.367","0.333","0","0.700"
"2025","66864","KBO-66864","SSG 랜더스","안상현","IF","SSG","1","https://www.koreabaseball.com/Futures/Player/HitterTotal.aspx?playerId=66864","0.308","4","14","13","2","4","2","0","1","9","1","0","0","1","0","3","1","0.692","0.357","1","1.049"
"2025","66917","KBO-66917","SSG 랜더스","김찬형","IF","SSG","1","https://www.koreabaseball.com/Futures/Player/HitterTotal.aspx?playerId=66917","0.179","33","113","95","16","17","3","0","0","20","6","1","1","13","3","18","5","0.211","0.297","3","0.508"
"2025","66928","KBO-66928","두산 베어스","박준영","IF","","0","https://www.koreabaseball.com/Futures/Player/HitterTotal.aspx?playerId=66928","","","","","","","","","","","","","","","","","","","","",""
"2025","66965","KBO-66965","NC 다이노스","도태훈","IF","NC","1","https://www.koreabaseball.com/Futures/Player/HitterTotal.aspx?playerId=66965","0.318","41","136","107","22","34","7","1","3","52","13","2","2","29","0","15","1","0.486","0.463","2","0.949"
"2025","67005","KBO-67005","삼성 라이온즈","홍현빈","OF","삼성","1","https://www.koreabaseball.com/Futures/Player/HitterTotal.aspx?playerId=67005","0.189","15","39","37","4","7","0","1","1","12","2","0","2","2","0","18","0","0.324","0.231","0","0.555"
"2025","67006","KBO-67006","KT 위즈","안치영","OF","KT","1","https://www.koreabaseball.com/Futures/Player/HitterTotal.aspx?playerId=67006","0.301","42","164","133","35","40","6","2","0","50","28","3","1","24","3","29","0","0.376","0.414","0","0.790"
"2025","67207","KBO-67207","두산 베어스","이유찬","IF","두산","1","https://www.koreabaseball.com/Futures/Player/HitterTotal.aspx?playerId=67207","0.400","2","6","5","2","2","0","0","0","2","2","0","0","1","0","0","0","0.400","0.500","1","0.900"
"2025","67449","KBO-67449","삼성 라이온즈","김성윤","OF","삼성","1","https://www.koreabaseball.com/Futures/Player/HitterTotal.aspx?playerId=67449","0.200","7","32","20","2","4","1","1","0","7","2","1","0","11","1","4","0","0.350","0.500","0","0.850"
"2025","67609","KBO-67609","KIA 타이거즈","박정우","OF","KIA","1","https://www.koreabaseball.com/Futures/Player/HitterTotal.aspx?playerId=67609","0.250","8","24","20","4","5","2","0","0","7","5","1","0","4","0","2","3","0.350","0.375","1","0.725"
"2025","67610","KBO-67610","KIA 타이거즈","김석환","OF","KIA","1","https://www.koreabaseball.com/Futures/Player/HitterTotal.aspx?playerId=67610","0.349","50","207","172","35","60","13","0","13","112","38","1","0","28","4","50","5","0.651","0.444","1","1.095"
"2025","67644","KBO-67644","KT 위즈","이정훈","OF","KT","1","https://www.koreabaseball.com/Futures/Player/HitterTotal.aspx?playerId=67644","0.302","26","71","53","12","16","4","1","4","34","14","1","0","14","1","8","0","0.642","0.437","1","1.079"
"2025","67807","KBO-67807","SSG 랜더스","이정범","OF","SSG","1","https://www.koreabaseball.com/Futures/Player/HitterTotal.aspx?playerId=67807","0.341","80","312","276","52","94","14","3","7","135","60","0","1","27","3","28","7","0.489","0.397","1","0.886"
"2025","67893","KBO-67893","SSG 랜더스","박성한","IF","SSG","1","https://www.koreabaseball.com/Futures/Player/HitterTotal.aspx?playerId=67893","0.333","3","10","6","2","2","1","0","0","3","0","0","0","3","1","2","0","0.500","0.600","1","1.100"
"2025","67900","KBO-67900","SSG 랜더스","김수윤","IF","SSG","1","https://www.koreabaseball.com/Futures/Player/HitterTotal.aspx?playerId=67900","0.314","74","252","226","43","71","14","3","10","121","54","5","0","17","5","38","6","0.535","0.369","10","0.904"
"2025","67905","KBO-67905","NC 다이노스","천재환","OF","NC","1","https://www.koreabaseball.com/Futures/Player/HitterTotal.aspx?playerId=67905","0.267","6","23","15","1","4","3","0","0","7","4","0","1","5","1","4","0","0.467","0.435","0","0.902"
"2025","68050","KBO-68050","KT 위즈","강백호","C","KT","1","https://www.koreabaseball.com/Futures/Player/HitterTotal.aspx?playerId=68050","0.455","3","11","11","3","5","2","0","2","13","4","0","0","0","0","1","0","1.182","0.455","0","1.637"
"2025","68089","KBO-68089","KT 위즈","조대현","C","KT","1","https://www.koreabaseball.com/Futures/Player/HitterTotal.aspx?playerId=68089","0.308","13","39","26","7","8","2","0","2","16","10","0","0","8","2","5","0","0.615","0.462","2","1.077"
"2025","68110","KBO-68110","LG 트윈스","송찬의","OF","LG","1","https://www.koreabaseball.com/Futures/Player/HitterTotal.aspx?playerId=68110","0.231","35","125","108","20","25","2","1","5","44","20","1","1","12","3","23","3","0.407","0.320","0","0.727"
"2025","68119","KBO-68119","LG 트윈스","문성주","OF","LG","1","https://www.koreabaseball.com/Futures/Player/HitterTotal.aspx?playerId=68119","0.375","2","9","8","0","3","0","1","0","5","1","0","0","1","0","2","0","0.625","0.444","0","1.069"
"2025","68205","KBO-68205","롯데 자이언츠","전민재","IF","롯데","1","https://www.koreabaseball.com/Futures/Player/HitterTotal.aspx?playerId=68205","0.237","9","39","38","2","9","2","1","1","16","7","0","0","1","0","9","0","0.421","0.256","1","0.677"
"2025","68305","KBO-68305","키움 히어로즈","변상권","OF","고양","1","https://www.koreabaseball.com/Futures/Player/HitterTotal.aspx?playerId=68305","0.310","79","246","213","32","66","8","2","1","81","28","1","2","27","3","24","15","0.380","0.390","2","0.770"
"2025","68362","KBO-68362","두산 베어스","추재현","OF","두산","1","https://www.koreabaseball.com/Futures/Player/HitterTotal.aspx?playerId=68362","0.330","38","113","94","19","31","6","1","2","45","15","5","1","13","3","9","0","0.479","0.420","1","0.899"
"2025","68407","KBO-68407","삼성 라이온즈","공민규","IF","삼성","1","https://www.koreabaseball.com/Futures/Player/HitterTotal.aspx?playerId=68407","0.288","53","125","104","21","30","4","0","5","49","20","1","2","19","2","16","4","0.471","0.408","4","0.879"
"2025","68463","KBO-68463","삼성 라이온즈","윤정빈","OF","삼성","1","https://www.koreabaseball.com/Futures/Player/HitterTotal.aspx?playerId=68463","0.268","47","158","142","22","38","10","0","2","54","21","3","2","13","2","35","2","0.380","0.335","0","0.715"
"2025","68504","KBO-68504","KT 위즈","이호연","IF","KT","1","https://www.koreabaseball.com/Futures/Player/HitterTotal.aspx?playerId=68504","0.297","43","166","145","28","43","6","4","2","63","28","1","0","17","2","15","6","0.434","0.373","3","0.807"
"2025","68507","KBO-68507","롯데 자이언츠","장두성","OF","롯데","1","https://www.koreabaseball.com/Futures/Player/HitterTotal.aspx?playerId=68507","0.000","3","11","11","1","0","0","0","0","0","0","0","0","0","0","2","0","0.000","0.000","0","0.000"
"2025","68518","KBO-68518","롯데 자이언츠","정보근","C","롯데","1","https://www.koreabaseball.com/Futures/Player/HitterTotal.aspx?playerId=68518","0.400","12","35","30","5","12","3","0","0","15","7","0","0","3","2","3","1","0.500","0.486","0","0.986"
"2025","68646","KBO-68646","KIA 타이거즈","한준수","C","KIA","1","https://www.koreabaseball.com/Futures/Player/HitterTotal.aspx?playerId=68646","0.464","8","29","28","2","13","3","0","2","22","12","0","0","1","0","4","1","0.786","0.483","1","1.269"
"2025","68700","KBO-68700","한화 이글스","이원석","OF","한화","1","https://www.koreabaseball.com/Futures/Player/HitterTotal.aspx?playerId=68700","0.429","2","10","7","4","3","0","0","1","6","2","1","0","3","0","2","0","0.857","0.600","0","1.457"
"2025","68868","KBO-68868","SSG 랜더스","최준우","IF","SSG","1","https://www.koreabaseball.com/Futures/Player/HitterTotal.aspx?playerId=68868","0.219","18","75","64","10","14","1","0","1","18","6","0","0","11","0","11","2","0.281","0.333","0","0.614"
"2025","68904","KBO-68904","NC 다이노스","오영수","IF","NC","1","https://www.koreabaseball.com/Futures/Player/HitterTotal.aspx?playerId=68904","0.404","21","78","57","15","23","5","0","5","43","22","0","0","19","1","11","1","0.754","0.551","0","1.305"
"2025","68912","KBO-68912","NC 다이노스","김형준","C","","0","https://www.koreabaseball.com/Futures/Player/HitterTotal.aspx?playerId=68912","","","","","","","","","","","","","","","","","","","","",""
"2025","69056","KBO-69056","KT 위즈","박민석","IF","KT","1","https://www.koreabaseball.com/Futures/Player/HitterTotal.aspx?playerId=69056","0.156","13","37","32","3","5","1","0","0","6","2","0","0","3","0","5","2","0.188","0.222","2","0.410"
"2025","69064","KBO-69064","KT 위즈","강민성","IF","KT","1","https://www.koreabaseball.com/Futures/Player/HitterTotal.aspx?playerId=69064","0.247","73","288","223","46","55","12","0","11","100","42","5","1","61","3","59","2","0.448","0.413","9","0.861"
"2025","69100","KBO-69100","LG 트윈스","구본혁","IF","","0","https://www.koreabaseball.com/Futures/Player/HitterTotal.aspx?playerId=69100","","","","","","","","","","","","","","","","","","","","",""
"2025","69102","KBO-69102","LG 트윈스","문보경","IF","","0","https://www.koreabaseball.com/Futures/Player/HitterTotal.aspx?playerId=69102","","","","","","","","","","","","","","","","","","","","",""
"2025","69105","KBO-69105","LG 트윈스","김성진","IF","LG","1","https://www.koreabaseball.com/Futures/Player/HitterTotal.aspx?playerId=69105","0.290","65","231","193","28","56","5","0","4","73","29","0","0","28","8","37","6","0.378","0.398","2","0.776"
"2025","69203","KBO-69203","NC 다이노스","송승환","OF","NC","1","https://www.koreabaseball.com/Futures/Player/HitterTotal.aspx?playerId=69203","0.318","56","198","176","27","56","8","2","6","86","36","2","3","17","3","35","5","0.489","0.384","0","0.873"
"2025","69207","KBO-69207","삼성 라이온즈","김태근","OF","삼성","1","https://www.koreabaseball.com/Futures/Player/HitterTotal.aspx?playerId=69207","0.383","27","56","47","7","18","5","2","0","27","9","1","0","5","4","11","0","0.574","0.482","0","1.056"
"2025","69238","KBO-69238","두산 베어스","김대한","OF","두산","1","https://www.koreabaseball.com/Futures/Player/HitterTotal.aspx?playerId=69238","0.263","24","85","76","14","20","5","1","3","36","13","4","1","7","1","19","1","0.474","0.329","1","0.803"
"2025","69332","KBO-69332","키움 히어로즈","주성원","OF","고양","1","https://www.koreabaseball.com/Futures/Player/HitterTotal.aspx?playerId=69332","0.278","17","64","54","16","15","3","0","2","24","5","1","1","10","0","13","1","0.444","0.391","2","0.835"
"2025","69403","KBO-69403","삼성 라이온즈","양우현","IF","삼성","1","https://www.koreabaseball.com/Futures/Player/HitterTotal.aspx?playerId=69403","0.332","70","271","232","41","77","11","1","2","96","23","15","4","28","6","41","7","0.414","0.416","4","0.830"
"2025","69416","KBO-69416","삼성 라이온즈","이해승","IF","삼성","1","https://www.koreabaseball.com/Futures/Player/HitterTotal.aspx?playerId=69416","0.228","39","100","79","14","18","4","0","1","25","13","0","0","15","3","26","0","0.316","0.367","5","0.683"
"2025","69418","KBO-69418","삼성 라이온즈","박승규","OF","삼성","1","https://www.koreabaseball.com/Futures/Player/HitterTotal.aspx?playerId=69418","0.382","26","101","89","15","34","4","1","5","55","26","3","3","8","1","10","1","0.618","0.430","1","1.048"
"2025","69428","KBO-69428","삼성 라이온즈","이병헌","C","삼성","1","https://www.koreabaseball.com/Futures/Player/HitterTotal.aspx?playerId=69428","0.250","22","41","32","10","8","2","1","1","15","4","0","0","7","1","8","3","0.469","0.400","1","0.869"
"2025","69442","KBO-69442","삼성 라이온즈","김도환","C","삼성","1","https://www.koreabaseball.com/Futures/Player/HitterTotal.aspx?playerId=69442","0.317","77","195","145","35","46","5","0","8","75","28","0","0","40","5","33","2","0.517","0.469","3","0.986"
"2025","69508","KBO-69508","롯데 자이언츠","신윤후","IF","롯데","1","https://www.koreabaseball.com/Futures/Player/HitterTotal.aspx?playerId=69508","0.500","8","33","28","5","14","3","0","2","23","9","0","0","3","1","2","1","0.821","0.545","0","1.366"
"2025","69517","KBO-69517","롯데 자이언츠","고승민","IF","롯데","1","https://www.koreabaseball.com/Futures/Player/HitterTotal.aspx?playerId=69517","0.800","2","7","5","3","4","1","0","0","5","3","0","0","2","0","1","0","1.000","0.857","0","1.857"
"2025","69636","KBO-69636","KIA 타이거즈","오선우","IF","KIA","1","https://www.koreabaseball.com/Futures/Player/HitterTotal.aspx?playerId=69636","0.338","19","85","74","20","25","5","1","4","44","19","0","0","8","2","23","4","0.595","0.412","2","1.007"
"2025","69727","KBO-69727","KIA 타이거즈","변우혁","IF","KIA","1","https://www.koreabaseball.com/Futures/Player/HitterTotal.aspx?playerId=69727","0.280","38","159","143","20","40","9","0","6","67","33","0","0","11","1","35","3","0.469","0.327","1","0.796"
"2025","69737","KBO-69737","한화 이글스","노시환","IF","","0","https://www.koreabaseball.com/Futures/Player/HitterTotal.aspx?playerId=69737","","","","","","","","","","","","","","","","","","","","",""
"2025","69766","KBO-69766","한화 이글스","유로결","OF","한화","1","https://www.koreabaseball.com/Futures/Player/HitterTotal.aspx?playerId=69766","0.299","64","280","231","54","69","20","0","10","119","43","14","1","35","13","42","4","0.515","0.418","4","0.933"
"2025","69804","KBO-69804","SSG 랜더스","채현우","OF","SSG","1","https://www.koreabaseball.com/Futures/Player/HitterTotal.aspx?playerId=69804","0.392","30","116","102","28","40","2","0","1","45","10","15","2","8","3","19","0","0.441","0.443","0","0.884"
"2025","69813","KBO-69813","SSG 랜더스","하재훈","OF","SSG","1","https://www.koreabaseball.com/Futures/Player/HitterTotal.aspx?playerId=69813","0.328","49","151","134","29","44","9","0","11","86","32","7","4","14","1","24","2","0.642","0.391","1","1.033"
"2025","69825","KBO-69825","SSG 랜더스","김창평","OF","SSG","1","https://www.koreabaseball.com/Futures/Player/HitterTotal.aspx?playerId=69825","0.170","23","65","47","12","8","2","0","1","13","6","6","1","17","0","11","0","0.277","0.391","0","0.668"
"2025","69980","KBO-69980","NC 다이노스","김범준","OF","NC","1","https://www.koreabaseball.com/Futures/Player/HitterTotal.aspx?playerId=69980","0.257","72","272","210","50","54","13","0","6","85","36","3","2","48","11","47","5","0.405","0.415","2","0.820"
"2025","69992","KBO-69992","NC 다이노스","최정원","IF","NC","1","https://www.koreabaseball.com/Futures/Player/HitterTotal.aspx?playerId=69992","0.308","15","50","39","12","12","4","0","1","19","10","5","2","7","2","7","0","0.487","0.429","0","0.916"
"2025","69995","KBO-69995","NC 다이노스","서호철","IF","NC","1","https://www.koreabaseball.com/Futures/Player/HitterTotal.aspx?playerId=69995","0.370","8","34","27","7","10","1","1","0","13","3","2","2","4","3","2","0","0.481","0.500","0","0.981"
"2025","72443","KBO-72443","KIA 타이거즈","최형우","OF","","0","https://www.koreabaseball.com/Futures/Player/HitterTotal.aspx?playerId=72443","","","","","","","","","","","","","","","","","","","","",""
"2025","72457","KBO-72457","삼성 라이온즈","김민수","C","","0","https://www.koreabaseball.com/Futures/Player/HitterTotal.aspx?playerId=72457","","","","","","","","","","","","","","","","","","","","",""
"2025","74163","KBO-74163","키움 히어로즈","이용규","OF","고양","1","https://www.koreabaseball.com/Futures/Player/HitterTotal.aspx?playerId=74163","0.600","2","5","5","1","3","2","0","0","5","0","0","0","0","0","0","0","1.000","0.600","0","1.600"
"2025","74540","KBO-74540","삼성 라이온즈","강민호","C","","0","https://www.koreabaseball.com/Futures/Player/HitterTotal.aspx?playerId=74540","","","","","","","","","","","","","","","","","","","","",""
"2025","75125","KBO-75125","삼성 라이온즈","박병호","IF","삼성","1","https://www.koreabaseball.com/Futures/Player/HitterTotal.aspx?playerId=75125","0.196","15","55","46","6","9","2","0","2","17","7","0","0","5","4","16","1","0.370","0.327","0","0.697"
"2025","75334","KBO-75334","KT 위즈","오재일","IF","KT","1","https://www.koreabaseball.com/Futures/Player/HitterTotal.aspx?playerId=75334","0.175","20","65","57","6","10","2","0","0","12","9","0","0","7","1","14","0","0.211","0.277","0","0.488"
"2025","75566","KBO-75566","키움 히어로즈","이원석","IF","고양","1","https://www.koreabaseball.com/Futures/Player/HitterTotal.aspx?playerId=75566","0.185","13","30","27","3","5","1","0","1","9","7","0","0","2","0","5","1","0.333","0.233","0","0.566"
"2025","75847","KBO-75847","SSG 랜더스","최정","IF","SSG","1","https://www.koreabaseball.com/Futures/Player/HitterTotal.aspx?playerId=75847","0.300","4","11","10","2","3","0","0","1","6","3","0","0","1","0","1","0","0.600","0.364","0","0.964"
"2025","76232","KBO-76232","두산 베어스","양의지","C","","0","https://www.koreabaseball.com/Futures/Player/HitterTotal.aspx?playerId=76232","","","","","","","","","","","","","","","","","","","","",""
"2025","76267","KBO-76267","키움 히어로즈","최주환","IF","","0","https://www.koreabaseball.com/Futures/Player/HitterTotal.aspx?playerId=76267","","","","","","","","","","","","","","","","","","","","",""
"2025","76290","KBO-76290","LG 트윈스","김현수","OF","","0","https://www.koreabaseball.com/Futures/Player/HitterTotal.aspx?playerId=76290","","","","","","","","","","","","","","","","","","","","",""
"2025","76313","KBO-76313","KT 위즈","황재균","IF","KT","1","https://www.koreabaseball.com/Futures/Player/HitterTotal.aspx?playerId=76313","0.200","2","7","5","2","1","0","0","0","1","1","0","0","1","1","0","0","0.200","0.429","0","0.629"
"2025","76802","KBO-76802","SSG 랜더스","김성현","IF","SSG","1","https://www.koreabaseball.com/Futures/Player/HitterTotal.aspx?playerId=76802","0.400","5","12","10","1","4","2","0","0","6","1","0","0","2","0","2","0","0.600","0.500","0","1.100"
"2025","76812","KBO-76812","한화 이글스","이재원","C","한화","1","https://www.koreabaseball.com/Futures/Player/HitterTotal.aspx?playerId=76812","0.000","1","2","1","1","0","0","0","0","0","0","0","0","1","0","0","0","0.000","0.500","0","0.500"
"2025","77532","KBO-77532","한화 이글스","손아섭","OF","한화","1","https://www.koreabaseball.com/Futures/Player/HitterTotal.aspx?playerId=77532","0.000","1","4","4","0","0","0","0","0","0","0","0","0","0","0","0","0","0.000","0.000","0","0.000"
"2025","77564","KBO-77564","롯데 자이언츠","김민성","IF","롯데","1","https://www.koreabaseball.com/Futures/Player/HitterTotal.aspx?playerId=77564","0.359","13","46","39","6","14","4","0","2","24","8","0","0","6","1","5","1","0.615","0.457","0","1.072"
"2025","78122","KBO-78122","KIA 타이거즈","김태군","C","KIA","1","https://www.koreabaseball.com/Futures/Player/HitterTotal.aspx?playerId=78122","0.200","2","6","5","1","1","0","0","1","4","2","0","0","0","0","0","1","0.800","0.167","0","0.967"
"2025","78135","KBO-78135","키움 히어로즈","이형종","OF","고양","1","https://www.koreabaseball.com/Futures/Player/HitterTotal.aspx?playerId=78135","0.143","3","9","7","2","1","0","0","0","1","0","0","0","2","0","3","0","0.143","0.333","0","0.476"
"2025","78168","KBO-78168","KIA 타이거즈","서건창","IF","KIA","1","https://www.koreabaseball.com/Futures/Player/HitterTotal.aspx?playerId=78168","0.271","36","116","85","16","23","2","0","1","28","12","1","0","26","1","13","2","0.329","0.435","1","0.764"
"2025","78224","KBO-78224","두산 베어스","김재환","OF","두산","1","https://www.koreabaseball.com/Futures/Player/HitterTotal.aspx?playerId=78224","0.182","8","23","22","2","4","2","0","0","6","1","0","0","1","0","6","0","0.273","0.217","0","0.490"
"2025","78288","KBO-78288","한화 이글스","최재훈","C","","0","https://www.koreabaseball.com/Futures/Player/HitterTotal.aspx?playerId=78288","","","","","","","","","","","","","","","","","","","","",""
"2025","78513","KBO-78513","롯데 자이언츠","전준우","OF","","0","https://www.koreabaseball.com/Futures/Player/HitterTotal.aspx?playerId=78513","","","","","","","","","","","","","","","","","","","","",""
"2025","78548","KBO-78548","KT 위즈","장성우","C","","0","https://www.koreabaseball.com/Futures/Player/HitterTotal.aspx?playerId=78548","","","","","","","","","","","","","","","","","","","","",""
"2025","78603","KBO-78603","KIA 타이거즈","김선빈","IF","KIA","1","https://www.koreabaseball.com/Futures/Player/HitterTotal.aspx?playerId=78603","0.714","4","9","7","2","5","0","0","0","5","1","0","0","2","0","0","0","0.714","0.778","0","1.492"
"2025","78756","KBO-78756","키움 히어로즈","오선진","IF","","0","https://www.koreabaseball.com/Futures/Player/HitterTotal.aspx?playerId=78756","","","","","","","","","","","","","","","","","","","","",""
"2025","79109","KBO-79109","LG 트윈스","오지환","IF","LG","1","https://www.koreabaseball.com/Futures/Player/HitterTotal.aspx?playerId=79109","0.571","2","8","7","2","4","1","0","0","5","1","0","0","1","0","0","0","0.714","0.625","0","1.339"
"2025","79192","KBO-79192","한화 이글스","채은성","IF","","0","https://www.koreabaseball.com/Futures/Player/HitterTotal.aspx?playerId=79192","","","","","","","","","","","","","","","","","","","","",""
"2025","79215","KBO-79215","NC 다이노스","박건우","OF","NC","1","https://www.koreabaseball.com/Futures/Player/HitterTotal.aspx?playerId=79215","0.333","1","4","3","1","1","1","0","0","2","0","0","0","1","0","0","0","0.667","0.500","0","1.167"
"2025","79231","KBO-79231","두산 베어스","정수빈","OF","","0","https://www.koreabaseball.com/Futures/Player/HitterTotal.aspx?playerId=79231","","","","","","","","","","","","","","","","","","","","",""
"2025","79240","KBO-79240","KT 위즈","허경민","IF","KT","1","https://www.koreabaseball.com/Futures/Player/HitterTotal.aspx?playerId=79240","0.333","2","6","6","1","2","0","0","0","2","0","0","0","0","0","0","1","0.333","0.333","0","0.666"
"2025","79365","KBO-79365","LG 트윈스","박동원","C","","0","https://www.koreabaseball.com/Futures/Player/HitterTotal.aspx?playerId=79365","","","","","","","","","","","","","","","","","","","","",""
"2025","79402","KBO-79402","KT 위즈","김상수","IF","KT","1","https://www.koreabaseball.com/Futures/Player/HitterTotal.aspx?playerId=79402","0.200","2","6","5","0","1","0","0","0","1","0","0","0","1","0","0","0","0.200","0.333","0","0.533"
"2025","79456","KBO-79456","SSG 랜더스","이지영","C","SSG","1","https://www.koreabaseball.com/Futures/Player/HitterTotal.aspx?playerId=79456","0.500","1","2","2","1","1","0","0","0","1","0","0","0","0","0","0","0","0.500","0.500","0","1.000"
"2025","79608","KBO-79608","한화 이글스","안치홍","IF","한화","1","https://www.koreabaseball.com/Futures/Player/HitterTotal.aspx?playerId=79608","0.408","14","53","49","10","20","7","0","3","36","13","0","0","4","0","4","3","0.735","0.453","2","1.188"
